num_i2v,name
279,extr_4965-calib_il4965_find_disconn_antenna.ll
346,extr_4965-mac_il4965_tx_status_reply_tx.ll
580,extr_8250_serial8250_set_termios.ll
275,extr_842_decompress_sw842_decompress.ll
309,extr_a100u2w_orc_load_firmware.ll
409,extr_a2xx_gpu_a2xx_hw_init.ll
685,extr_aacraid_aac_check_firmware.ll
287,extr_aacraid_aac_get_bus_info.ll
374,extr_aacraid_cam_aac_passthrough_command.ll
380,extr_ac97_pcm_get_pslots.ll
635,extr_accept_sec_context_gsskrb5_acceptor_start.ll
295,extr_acos_acos.ll
315,extr_acpidb_load_dsdt.ll
319,extr_act8865-regulator_act8865_pmic_probe.ll
432,extr_act_ife_tcf_ife_init.ll
477,extr_act_skbedit_tcf_skbedit_init.ll
340,extr_ad1848_ad1848_prepare_for_input.ll
357,extr_ad7793_ad7793_setup.ll
280,extr_ada-typeprint_ada_print_type.ll
308,extr_addi-dataAPCI1710_Chrono_i_APCI1710_InsnWriteEnableDisableChrono.ll
479,extr_addi-dataAPCI1710_Ssi_i_APCI1710_InsnReadSSIValue.ll
336,extr_addi-dataAPCI1710_Ttl_i_APCI1710_InsnBitsReadTTLIO.ll
328,extr_addi-datahwdrv_apci16xx_i_APCI16XX_InsnBitsWriteTTLIO.ll
1429,extr_addi-datahwdrv_APCI1710_v_APCI1710_Interrupt.ll
1130,extr_addi-datahwdrv_apci3200_i_APCI3200_ConfigAnalogInput.ll
313,extr_addrconf_addrconf_prefix_rcv.ll
279,extr_addrconf_inet6_addr_add.ll
320,extr_adsp___msm_adsp_write.ll
313,extr_adv7180_adv7180_probe.ll
391,extr_adv7511_drv_adv7511_probe.ll
800,extr_advansys_AscIsrChipHalted.ll
482,extr_adv_pci1710_pci171x_ai_cmdtest.ll
655,extr_aes_ct64_br_aes_ct64_bitslice_Sbox.ll
364,extr_aes_ct64_br_aes_ct64_ortho.ll
569,extr_aes_ige_AES_ige_encrypt.ll
289,extr_aes_mbedtls_internal_aes_decrypt.ll
299,extr_aesni_ghash_reduce4.ll
493,extr_af9015_af9015_read_config.ll
306,extr_af9015_af9015_streaming_ctrl.ll
347,extr_af9015_af9015_tuner_attach.ll
739,extr_af9033_af9033_init.ll
373,extr_afe4404_afe4404_probe.ll
1060,extr_af_key___pfkey_xfrm_state2msg.ll
424,extr_af_mpls_mpls_getroute.ll
302,extr_af_mpls_rtm_to_route_config.ll
763,extr_af_packet_tpacket_rcv.ll
458,extr_af_rose_rose_connect.ll
287,extr_af_unix_unix_dgram_recvmsg.ll
297,extr_af_unix_unix_stream_sendpage.ll
319,extr_af_vsock_vsock_stream_sendmsg.ll
963,extr_ahci_ahci_end_transaction.ll
340,extr_ahci_ahci_setup_fis.ll
326,extr_ahci_ahci_setup_interrupt.ll
528,extr_ahciem_ahci_em_attach.ll
492,extr_aic79xx_ahd_handle_nonpkt_busfree.ll
372,extr_aic79xx_ahd_set_syncrate.ll
505,extr_aic79xx_core_ahd_handle_nonpkt_busfree.ll
335,extr_aic79xx_core_ahd_handle_transmission_error.ll
312,extr_aic94xx_seq_asd_request_firmware.ll
304,extr_aicasm_main.ll
365,extr_al_hal_eth_main_al_dump_tx_pkt.ll
696,extr_al_hal_eth_main_al_eth_tx_pkt_prepare.ll
350,extr_alias_GUID_mlx4_ib_init_alias_guid_service.ll
329,extr_alloc_alloc_in_bmp.ll
326,extr_alloc_ocfs2_merge_rec_right.ll
430,extr_alps_alps_process_bitmap.ll
530,extr_alter_renameColumnFunc.ll
283,extr_amd8111e_amd8111e_init_ring.ll
285,extr_amdgpu_cs_amdgpu_cs_ib_fill.ll
277,extr_amdgpu_discovery_amdgpu_discovery_reg_base_init.ll
353,extr_amdgpu_gem_amdgpu_gem_va_ioctl.ll
405,extr_amdgpu_pll_amdgpu_pll_compute.ll
438,extr_amdgpu_pm_hwmon_attributes_visible.ll
722,extr_aml8726_sdxc-m8_aml8726_sdxc_attach.ll
440,extr_aml8726_sdxc-m8_aml8726_sdxc_update_ios.ll
570,extr_aml8726_usb_phy-m6_aml8726_usb_phy_attach.ll
446,extr_amplc_pci230_pci230_ai_cmd.ll
293,extr_amplc_pci230_pci230_ai_rinsn.ll
309,extr_amplc_pci230_pci230_handle_ao_fifo.ll
443,extr_antenna_ath_ant_div_conf_fast_divbias.ll
375,extr_aops_ocfs2_write_begin_nolock.ll
422,extr_aoutx.h_aout_link_check_ar_symbols.ll
310,extr_APCI1710_Ttl_i_APCI1710_InsnConfigInitTTLIO.ll
318,extr_ap_drv_ops_hostapd_drv_do_acs.ll
306,extr_ar5413_ar5413GetChannelMaxMinPower.ll
547,extr_ar9002_mac_ar9002_set_txdesc.ll
399,extr_ar9003_eeprom_ar9003_hw_tx_power_regwrite.ll
1483,extr_ar9003_hw_ar9003_hw_init_mode_regs.ll
548,extr_ar9300_ds_ar9300_decode_txdesc.ll
558,extr_ar9300_misc_ar9300_get_capability.ll
341,extr_ar9300_phy_ar9300_get_tpc_tables.ll
364,extr_archive_acl_append_entry_w.ll
339,extr_archive_acl_archive_acl_text_len.ll
273,extr_archive_ppmd7_CreateSuccessors.ll
318,extr_archive_ppmd7_Rescale.ll
300,extr_archive_read_support_format_7zip_read_CodersInfo.ll
364,extr_archive_read_support_format_cab_lzx_read_bitlen.ll
412,extr_archive_read_support_format_iso9660_read_children.ll
312,extr_archive_read_support_format_zip_archive_read_format_zip_read_data.ll
633,extr_archive_string_archive_string_normalize_C.ll
552,extr_archive_string_archive_string_normalize_D.ll
415,extr_archive_write_set_format_cpio_newc_write_header.ll
740,extr_archive_write_set_format_iso9660_iso9660_options.ll
483,extr_archive_write_set_format_iso9660_write_information_block.ll
511,extr_archive_write_set_format_mtree_mtree_entry_tree_add.ll
430,extr_archive_write_set_format_v7tar_format_header_v7tar.ll
467,extr_arcmsr_arcmsr_iop_ioctlcmd.ll
297,extr_arena_arena_new.ll
310,extr_ariadne_ariadne_rx.ll
311,extr_arm_arm_legitimize_address.ll
444,extr_arm-smmu-v3_arm_smmu_device_reset.ll
269,extr_arm-tdep_thumb_scan_prologue.ll
305,extr_armv5_machdep_platform_mpp_init.ll
484,extr_arp_arp_process.ll
294,extr_arp_set.ll
721,extr_asloptions_AslDoOptions.ll
364,extr_aslprepkg_ApCheckPackageList.ll
315,extr_asn1_gen_generate_v3.ll
343,extr_ast_post_ddr4_init_2500.ll
570,extr_ast_post_get_ddr2_info.ll
318,extr_at91_mci_at91_mci_irq.ll
484,extr_ata-all_ata_attach.ll
583,extr_ata-all_ata_cmd2str.ll
610,extr_ata_all_ata_op_string.ll
728,extr_atafb_iplan2p2_atafb_iplan2p2_copyarea.ll
427,extr_ata-promise_ata_promise_chipinit.ll
291,extr_ata-promise_ata_promise_mio_ch_attach.ll
387,extr_athsurvey_process_survey_stats.ll
321,extr_atiixp_atiixp_chip_post_init.ll
409,extr_atl1_atl1_intr_rx.ll
350,extr_atl1e_main_atl1e_clean_rx_irq.ll
332,extr_atl2_atl2_get_regs.ll
336,extr_atombios_encoders_radeon_atom_encoder_dpms_dig.ll
618,extr_atyfb_base_aty_var_to_crtc.ll
278,extr_au1200fb_au1200_setlocation.ll
358,extr_audio_audioplay_create.ll
459,extr_a_utf8_UTF8_getc.ll
318,extr_auth_allowed_user.ll
481,extr_auth-options_sshauthopt_parse.ll
272,extr_auth-rhosts_check_rhosts_file.ll
538,extr_auth_time___rpc_get_time_offset.ll
275,extr_avl_avl_rotation.ll
341,extr_avr32dci_avr32dci_setup_standard_chain.ll
265,extr_aw_clk_nm_aw_clk_nm_register.ll
269,extr_aw_clk_nm_aw_clk_nm_set_freq.ll
291,extr_aw_sid_aw_sid_get_fuse.ll
344,extr_ax25_std_in_ax25_std_state3_machine.ll
293,extr_axnet_cs_ei_receive.ll
288,extr_balloc_ext4_init_block_bitmap.ll
371,extr_base_ath5k_init_ah.ll
265,extr_bbr___bbr_get_bw.ll
312,extr_bbr_bbr_nf_measurement.ll
434,extr_bbr_tcp_bbr_tso_size_check.ll
321,extr_bch_solve_linear_system.ll
327,extr_bcm5974_report_tp_state.ll
761,extr_bcm63xx_enet_bcm_enet_open.ll
273,extr_beacon_ath9k_beacon_config_sta.ll
282,extr_be_main_skb_fill_rx_data.ll
304,extr_bgmac-platform_bgmac_probe.ll
457,extr_bhnd_pmu_subr_bhnd_pmu_res_init.ll
386,extr_bhnd_pmu_subr_bhnd_pmu_res_masks.ll
482,extr_bhyvectl_get_all_segments.ll
310,extr_bitreader_FLAC__bitreader_read_raw_uint32.ll
277,extr_bktr_audio_msp_autodetect.ll
334,extr_blizzard_blizzard_init.ll
513,extr_blizzard_do_partial_update.ll
282,extr_blk-mq_blk_mq_make_request.ll
440,extr_bnad_bnad_pci_probe.ll
272,extr_bnad_ethtool_bnad_set_ringparam.ll
343,extr_bna_tx_rx_bna_bfi_rx_enet_start.ll
313,extr_bn_exp_BN_mod_exp_simple.ll
396,extr_bnx2_bnx2_run_loopback.ll
309,extr_bnx2x_link_bnx2x_54618se_read_status.ll
340,extr_bnx2x_link_bnx2x_848xx_cmn_config_init.ll
332,extr_bnx2x_link_bnx2x_848xx_read_status.ll
376,extr_bnx2x_link_bnx2x_emac_enable.ll
296,extr_bnx2x_link_bnx2x_umac_enable.ll
472,extr_bnx2x_main_bnx2x_link_settings_supported.ll
472,extr_bnxt_tc_bnxt_hwrm_cfa_flow_alloc.ll
596,extr_bnxt_tc_bnxt_tc_parse_flow.ll
379,extr_bnxt_txrx_bnxt_pkt_get_tpa.ll
475,extr_bond_netlink_bond_fill_info.ll
319,extr_book3s_64_mmu_radix_kvmppc_book3s_instantiate_page.ll
693,extr_book3s_hv_kvmhv_p9_guest_entry.ll
275,extr_book3s_hv_kvmppc_vcore_blocked.ll
298,extr_book3s_hv_tm_builtin_kvmhv_p9_tm_emulation_early.ll
286,extr_boot_getrootmount.ll
278,extr_bootp_subr_bootpc_compose_query.ll
312,extr_bpf_jit_comp_bpf_int_jit_compile.ll
671,extr_b_print_fmtfp.ll
676,extr_breakpoint_insert_bp_location.ll
379,extr_brec_hfs_bnode_split.ll
395,extr_br_stp_bpdu_br_stp_rcv.ll
894,extr_bsdiff_main.ll
276,extr_btc_dpm_btc_dpm_enable.ll
692,extr_btree_checkTreePage.ll
335,extr_btree_rebuildPage.ll
278,extr_bttv-driver_bttv_s_fbuf.ll
269,extr_bttv-driver_limit_scaled_size_lock.ll
312,extr_bttv-risc_bttv_buffer_activate_video.ll
329,extr_bu21013_ts_bu21013_init_chip.ll
433,extr_build_ubi_attach_mtd_dev.ll
316,extr_builtins_get_memory_rtx.ll
529,extr_bundle_bundle_ReceiveDatalink.ll
431,extr_bw-qcam_qcam_do_ioctl.ll
378,extr_bxe_bxe_get_shmem_info.ll
921,extr_bxe_bxe_init_hw_common.ll
480,extr_bxe_bxe_interrupt_alloc.ll
394,extr_bxe_elink_elink_848xx_set_link_led.ll
304,extr_bxe_stats_bxe_afex_collect_stats.ll
280,extr_bxe_stats_bxe_stats_init.ll
552,extr_bzlib_unRLE_obuf_to_output_FAST.ll
361,extr_c6xdigio_C6X_encInput.ll
403,extr_cached_data_create_rep_state_body.ll
484,extr_caching_svn_fs_x__initialize_caches.ll
424,extr_cafe_nand_cafe_nand_read_page.ll
293,extr_cagg_zfAggInit.ll
1204,extr_camcontrol_atacapprint.ll
502,extr_camcontrol_scsiformat.ll
446,extr_camellia_camellia_decrypt128.ll
528,extr_camellia_camellia_do_encrypt.ll
446,extr_camellia_camellia_encrypt128.ll
274,extr_cam_rtl_cam_program_entry.ll
353,extr_camss-csiphy-3ph-1-0_csiphy_lanes_enable.ll
269,extr_camss-vfe_vfe_isr_wm_done.ll
497,extr_cap11xx_cap11xx_i2c_probe.ll
370,extr_cap_ioctls_limit_main.ll
358,extr_cassini_cas_get_link_ksettings.ll
689,extr_cassini_cas_init_one.ll
1741,extr_cast5_key_schedule.ll
354,extr_cb_pcidas_cb_pcidas_ao_cmdtest.ll
297,extr_ccm128_CRYPTO_ccm128_aad.ll
328,extr_ccm_br_ccm_run.ll
418,extr_ccp_ccp_newsession.ll
549,extr_cdc_ncm_cdc_ncm_bind_common.ll
902,extr_cdcontrol_play.ll
1047,extr_c-decl_declspecs_add_type.ll
564,extr_c-decl_finish_declspecs.ll
522,extr_ceph_common_ceph_parse_options.ll
287,extr_cerr-sb1_extract_dc.ll
360,extr_cfb_enc_DES_cfb_encrypt.ll
367,extr_cfg80211_ath6kl_get_station.ll
389,extr_cfg80211_brcmf_cfg80211_attach.ll
427,extr_cfg80211_mwifiex_cfg80211_scan.ll
342,extr_changesetfuzz_fuzzDoOneFuzz.ll
296,extr_channel_chn_syncstate.ll
295,extr_channel_mgmt_vmbus_prep_negotiate_resp.ll
350,extr_cheat_manager_cheat_manager_add_matches.ll
393,extr_ci_dpm_ci_parse_power_table.ll
272,extr_ci_dpm_ci_thermal_setup_fan_table.ll
323,extr_cik_cik_cp_gfx_load_microcode.ll
787,extr_cik_cik_gpu_init.ll
372,extr_cik_cik_init.ll
533,extr_cik_cik_pcie_gen3_enable.ll
505,extr_cik_cik_startup.ll
302,extr_cirrus_cirrus_mode_set.ll
419,extr_cirrusfb_cirrusfb_check_var.ll
309,extr_ci_smumgr_ci_initialize_mc_reg_table.ll
265,extr_ck_ht_ck_ht_set_spmc.ll
371,extr_classic_classic_ctrl_handshake.ll
468,extr_class_mrb_init_class.ll
687,extr_claw_claw_irq_handler.ll
475,extr_click_route_click.ll
304,extr_cli-decode_lookup_cmd_1.ll
294,extr_cli-decode_lookup_cmd.ll
375,extr_closure_closureBestIndex.ll
281,extr_closure_closureFilter.ll
422,extr_cmdline_bsdcat_getopt.ll
362,extr_cmdline_cpio_getopt.ll
281,extr_cmd_mlx4_cmd_wait.ll
354,extr_cmd_wl12xx_cmd_role_start_ap.ll
378,extr_cmmap_zfApSendBeacon.ll
423,extr_cmmsta_zfInfraFindAPToConnect.ll
352,extr_cmmsta_zfStaSendBeacon.ll
509,extr_cn23xx_pf_device_cn23xx_dump_pf_initialized_regs.ll
324,extr_cnic_cnic_bnx2x_connect.ll
303,extr_cnic_cnic_bnx2x_iscsi_init1.ll
467,extr_codec-v4l2-fwht_prepare_raw_frame.ll
631,extr_codegen_lambda_body.ll
526,extr_col_main.ll
349,extr_color_gamma_mod_color_calculate_curve.ll
496,extr_com20020-pci_com20020pci_probe.ll
442,extr_combine_known_cond.ll
290,extr_comedi_fops_do_subdinfo_ioctl.ll
383,extr_commands_qtnf_cmd_send_connect.ll
457,extr_commit_open_root.ll
337,extr_commit_util_fixup_commit_error.ll
417,extr_compat_ifaddrs_interpretAddr.ll
374,extr_compress_ZSTD_insertBtAndFindBestMatch.ll
327,extr_cond_Cond_Eval.ll
270,extr_config_file_config_delete.ll
632,extr_config_usb_parse_configuration.ll
829,extr_conflex_intern.ll
530,extr_conmakehash_main.ll
455,extr_connect_CIFSTCon.ll
288,extr_connection___rds_conn_create.ll
287,extr_console___console_write.ll
296,extr_core3_xmain.ll
298,extr_core_add_regulator_attributes.ll
320,extr_core-fsl-emb_fsl_emb_pmu_event_init.ll
334,extr_core_nvme_alloc_ns.ll
1010,extr_core_rtl_op_bss_info_changed.ll
283,extr_core_venus_probe.ll
307,extr_core_wiphy_verify_combinations.ll
295,extr_cpia2_usb_submit_urbs.ll
349,extr_cpio_mode_out.ll
273,extr_cq_mlx4_ib_resize_cq.ll
373,extr_crypt-des_crypt_des.ll
477,extr_cryptsetup_parse_one_option.ll
357,extr_cs4281_snd_cs4281_mode.ll
286,extr_cse_count_reg_usage.ll
439,extr_cse_record_jump_cond.ll
346,extr_csr_read_regs.ll
276,extr_ctau_ct_reinit_chan.ll
695,extr_ctddk_ct_e1timer_interrupt.ll
448,extr_ctddk_ct_g703_timer.ll
692,extr_ctf_create_ctf_add_type.ll
315,extr_ctl_ctl_write_same.ll
384,extr_ctl_frontend_ioctl_ctl_ioctl_do_datamove.ll
288,extr_ctree_btrfs_del_items.ll
272,extr_ctree_btrfs_search_old_slot.ll
308,extr_ctr_input_ctr_input_state.ll
323,extr_ctr_joypad_ctr_joypad_poll.ll
313,extr_ctrl_iface_unix_wpas_global_ctrl_iface_open_sock.ll
378,extr_ctrl_iface_wpa_supplicant_ie_txt.ll
323,extr_ctxnv40_nv40_graph_construct_state3d.ll
328,extr_ctxnv40_nv40_gr_construct_state3d_2.ll
1326,extr_ctxnv50_nv50_gr_construct_mmio.ll
291,extr_ctxrx_zfAddFragToDefragList.ll
1096,extr_curve25519_fe_mul.ll
725,extr_curve25519_fe_sq.ll
347,extr_cut_f_cut.ll
275,extr_cvmx-bootmem_cvmx_bootmem_phy_alloc.ll
523,extr_cvt_cp_convert_to_pointer.ll
384,extr_cwep_zfWEPEncrypt.ll
320,extr_cx231xx-avcore_cx231xx_afe_update_power_control.ll
359,extr_cx25821-video_cx25821_video_register.ll
327,extr_cx25840-core_cx25840_set_fmt.ll
338,extr_cx25840-vbi_cx25840_s_sliced_fmt.ll
349,extr_cx88-core_cx88_set_tvnorm.ll
923,extr_cxd2880_tnrdmd_cxd2880_tnrdmd_set_cfg.ll
575,extr_cxddk_cx_receive_interrupt.ll
394,extr_cxgb4_dcb_cxgb4_dcb_handle_fw_update.ll
291,extr_cxgb4_debugfs_tid_info_show.ll
322,extr_cxgbit_cm_cxgbit_offload_init.ll
926,extr_cxgb_sge_t3_sge_alloc_qset.ll
546,extr_cyapa_gen5_cyapa_gen5_read_idac_data.ll
355,extr_cy_cyinput.ll
297,extr_d3d9_d3d9_set_menu_texture_frame.ll
422,extr_daemon_saver_daemon_saver.ll
287,extr_dasd_eckd_dasd_eckd_read_conf.ll
355,extr_dasd_eckd_fill_LRE_data.ll
607,extr_date_parseModifier.ll
510,extr_db9_db9_saturn_report.ll
305,extr_dbconvert_acpi_db_dump_pld_buffer.ll
306,extr_dbdisply_AcpiDbDisplayGpes.ll
289,extr_dbdma_au1xxx_dbdma_chan_alloc.ll
516,extr_dbdump_dump_callback.ll
268,extr_dc_copy_stream_update_to_stream.ll
556,extr_dce100_resource_construct.ll
371,extr_dce120_resource_destruct.ll
562,extr_dce80_resource_dce80_construct.ll
535,extr_dce80_resource_dce83_construct.ll
562,extr_dce_audio_dce_aud_az_configure.ll
664,extr_dce_v10_0_dce_v10_0_crtc_do_set_base.ll
413,extr_dce_v10_0_dce_v10_0_program_watermarks.ll
431,extr_dcn10_cm_common_cm_helper_convert_to_custom_float.ll
355,extr_dcn10_dpp_dscl_dpp1_dscl_set_scl_filter.ll
420,extr_dcn10_hubp_hubp1_read_state_common.ll
453,extr_dcn10_resource_destruct.ll
628,extr_dcn20_dpp_cm_dpp20_program_shaper_lutb_settings.ll
311,extr_dcn20_hubp_hubp2_cursor_set_position.ll
329,extr_dcn_calcs_dcn_find_normalized_clock_vdd_Level.ll
312,extr_dc_tegra_plane_setup_blending_legacy.ll
288,extr_debug_ath9k_debug_sync_cause.ll
996,extr_debug_debug_write_type.ll
559,extr_debugfs_wl18xx_debugfs_add_files.ll
313,extr_deflate_deflate_rle.ll
444,extr_delete_del.ll
312,extr_delta-ipc_delta_ipc_open.ll
386,extr_..depsibxmibxm_channel_tick.ll
842,extr_des_generic_des_ekey.ll
353,extr_dev_dev_ifsioc.ll
288,extr_device_status_ccw_device_accumulate_esw.ll
352,extr_dev_rtl8180_tx.ll
307,extr_dev_rtl8187b_init_hw.ll
289,extr_dev_rtl8187_init_hw.ll
382,extr_dgfirmware_main.ll
271,extr_dib3000mc_dib3000mc_set_channel_cfg.ll
335,extr_dib7000p_dib7000p_spur_protect.ll
568,extr_diff3_svn_diff__resolve_conflict.ll
342,extr_diff_editor_svn_wc__diff_base_working_diff.ll
296,extr_diffreg_fetch.ll
440,extr_digital_dep_digital_in_recv_dep_res.ll
273,extr_dir_fat_add_new_entries.ll
294,extr_dir_leaf_dealloc.ll
636,extr_dir_ocfs2_expand_inline_dir.ll
339,extr_dir_reiserfs_readdir_dentry.ll
400,extr_dispc_dispc_save_context.ll
947,extr_display_mode_vba_20_CalculatePrefetchSchedule.ll
444,extr_dm644x_ccdc_ccdc_config_raw.ll
337,extr_dm644x_ccdc_ccdc_save_context.ll
442,extr_dmacHw_extra_DisplayRegisterContents.ll
288,extr_dm_alloc_dev.ll
793,extr_dm_dm_txpower_track_cb_therm.ll
368,extr_dme1737_dme1737_init_device.ll
388,extr_dm-integrity_block_bitmap_op.ll
625,extr_dm-raid_raid_status.ll
407,extr_dm-raid_rs_check_takeover.ll
367,extr_dm_rtl8723be_dm_dynamic_atc_switch.ll
291,extr_dm_rtl8821ae_dm_check_edca_turbo.ll
370,extr_d_net_TryRunTics.ll
496,extr_dn_route_dn_route_input_slow.ll
286,extr_domain_apparmor_bprm_set_creds.ll
319,extr_domain_tomoyo_environ.ll
345,extr_dpaux_tegra_dpaux_probe.ll
362,extr_dpp_dpp_process_signed_connector.ll
356,extr_drbd_state_is_valid_state.ll
516,extr_drbd_state_sanitize_state.ll
312,extr_driver_ndis_wpa_driver_ndis_get_associnfo.ll
301,extr_driver_nl80211_capa_nl80211_set_vht_mode.ll
465,extr_driver_nl80211_event_mlme_event_connect.ll
316,extr_drm_dp_mst_topology_drm_dp_add_port.ll
400,extr_drm_dsc_drm_dsc_compute_rc_parameters.ll
285,extr_drm_fb_helper_drm_fb_helper_fill_var.ll
283,extr_drm_modes_drm_mode_set_crtcinfo.ll
1143,extr_drxd_hard_DRX_Start.ll
524,extr_drxj_ctrl_get_qam_sig_quality.ll
376,extr_drxj_ctrl_sig_quality.ll
415,extr_drxj_qam_flip_spec.ll
430,extr_ds1_ds_init.ll
283,extr_dsa_ossl_dsa_do_sign.ll
559,extr_dsi_dsi_vm_calc_blanking.ll
475,extr_dsl_scan_dsl_process_async_destroys.ll
361,extr_dsopcode_acpi_ds_exec_end_control_op.ll
479,extr_dsp_audio_dsp_audio_generate_volume_changes.ll
293,extr_dsp___dsp_def_taskcb.ll
352,extr_dt282x_dt282x_ai_cmdtest.ll
285,extr_dt3155_dt3155_probe.ll
406,extr_dt_cg_dt_cg_asgn_op.ll
447,extr_dtc_main.ll
397,extr_dt_consume_dt_print_llquantize.ll
639,extr_dt_decl_dt_decl_type.ll
265,extr_dt_dof_dof_add_probe.ll
281,extr_dt_module_dt_module_load.ll
383,extr_dt_printf_dt_printf_validate.ll
279,extr_dt_program_dt_header_probe.ll
357,extr_dtrace_dtrace_dof_actdesc.ll
544,extr_dtrace_dtrace_dof_slurp.ll
607,extr_dtrace_dtrace_json.ll
303,extr_dtrace_dtrace_match_glob.ll
560,extr_du_main.ll
343,extr_dummyspichip_dummy_looptest.ll
483,extr_dumpon_main.ll
349,extr_dvb_ca_en50221_dvb_ca_en50221_parse_attributes.ll
283,extr_dvb_demux_dvb_dmx_init.ll
392,extr_dvd___dvd_statebusycb.ll
291,extr_dw2102_dw2102_probe.ll
361,extr_dw2gencfi_select_cie_for_fde.ll
289,extr_dwarf2read_read_partial_die.ll
690,extr_dwarf_dump_dwarf_get_OP_name.ll
305,extr_dwc_hdmi_dwc_hdmi_phy_configure.ll
277,extr_dwc_otg_dwc_otg_data_rx.ll
512,extr_dwc_otg_dwc_otg_init.ll
502,extr_dwc-xlgmac-hw_xlgmac_read_mmc_stats.ll
326,extr_dw-mipi-dsi-rockchip_dw_mipi_dsi_phy_init.ll
393,extr_e1000_80003es2lan_e1000_copper_link_setup_gg82563_80003es2lan.ll
321,extr_e1000_ethtool_e1000_set_ringparam.ll
328,extr_e1000_hw_e1000_copper_link_igp_setup.ll
474,extr_e1000_hw_e1000_phy_force_speed_duplex.ll
349,extr_e1000_ich8lan_e1000_disable_ulp_lpt_lp.ll
705,extr_ea_hpfs_set_ea.ll
414,extr_eap_aka_eap_aka_process_challenge.ll
392,extr_eap_peap_eap_peap_phase2_request.ll
462,extr_eap_server_psk_eap_psk_process_2.ll
318,extr_eap_server_ttls_eap_ttls_process_phase2_mschapv2.ll
441,extr_eap_sim_eap_sim_process_challenge.ll
334,extr_eap_sim_eap_sim_process_reauthentication.ll
308,extr_eap_teap_eap_teap_phase2_request.ll
303,extr_ebt_ip6_ebt_ip6_mt.ll
706,extr_ec_asn1_EC_GROUP_new_from_ecparameters.ll
362,extr_ecoff_ecoff_link_add_archive_symbols.ll
282,extr_ecore_l2_ecore_sp_vport_update.ll
1423,extr_ecore_mng_tlv_ecore_mfw_get_fcoe_tlv_value.ll
310,extr_ecore_roce_ecore_roce_modify_qp.ll
437,extr_ecore_roce_ecore_roce_sp_create_requester.ll
334,extr_ecore_sp_ecore_queue_chk_transition.ll
711,extr_ecp_nistp521_felem_mul.ll
371,extr_ecp_nistputil_ec_GFp_nistp_points_make_affine_internal.ll
295,extr_ecp_smpl_ec_GFp_simple_ladder_pre.ll
304,extr_ecp_smpl_ec_GFp_simple_point_get_affine_coordinates.ll
268,extr_ed.refresh_MakeLiteral.ll
402,extr_eeprom_4k_ath9k_hw_4k_check_eeprom.ll
445,extr_eeprom_4k_ath9k_hw_4k_set_txpower.ll
388,extr_eeprom_9287_ath9k_hw_ar9287_check_eeprom.ll
347,extr_ef10_efx_ef10_tx_init.ll
479,extr_efipart_efipart_realstrategy.ll
302,extr_ehci-dbgp_dbgp_external_startup.ll
559,extr_ehci_ehci_xfer_setup.ll
320,extr_ehci_fsl_fsl_ehci_attach.ll
344,extr_ehci-sched_itd_complete.ll
464,extr_elf32-arm_bfd_elf32_arm_vfp11_erratum_scan.ll
286,extr_elf32-i386_elf_i386_adjust_dynamic_symbol.ll
364,extr_elf32-ppc_ppc_elf_adjust_dynamic_symbol.ll
528,extr_elf64-ppc_func_desc_adjust.ll
281,extr_elf64-x86-64_elf64_x86_64_adjust_dynamic_symbol.ll
536,extr_elf64-x86-64_elf64_x86_64_finish_dynamic_symbol.ll
455,extr_elfdump_elf_print_gnu_hash.ll
442,extr_elflink_bfd_elf_discard_info.ll
537,extr_elfread_elf_symtab_read.ll
296,extr_elfxx-mips__bfd_mips_elf_always_size_sections.ll
337,extr_elfxx-mips__bfd_mips_elf_fake_sections.ll
481,extr_elfxx-sparc__bfd_sparc_elf_finish_dynamic_symbol.ll
490,extr_e_lgammaf_r_lgammaf_r.ll
416,extr_emac_rockchip_emac_rockchip_probe.ll
370,extr_emu10k1_emu_vwrite.ll
1014,extr_emu10kx_emu_init.ll
278,extr_emufx_snd_emu10k1_gpr_ctl_put.ll
349,extr_ena_com_ena_com_config_llq_info.ll
338,extr_enh_desc_enh_desc_get_ext_status.ll
334,extr_enic_main_enic_request_intr.ll
342,extr_enic_main_enic_rq_indicate_buf.ll
299,extr_en_stats_mlx5e_grp_channels_fill_strings.ll
321,extr_en_tc_mlx5e_attach_encap.ll
383,extr_env_command_efi_show.ll
335,extr_envy24_envy24chan_trigger.ll
368,extr_envy24ht_envy24ht_init.ll
281,extr_ep93xx_keypad_ep93xx_keypad_probe.ll
284,extr_epat_epat_read_block.ll
1130,extr_e_powl_powl.ll
384,extr_error_dump_decl.ll
273,extr_esp6_esp6_output.ll
498,extr_esp_change_speed.ll
337,extr_esp_rs_interrupt_single.ll
385,extr_eswitch_esw_vport_enable_ingress_acl.ll
329,extr_et131x_et131x_pci_setup.ll
333,extr_ethtool_e1000_get_link_ksettings.ll
312,extr_evdns_evdns_base_set_option_impl.ll
288,extr_events_rate_match.ll
533,extr_events_wpa_supplicant_ssid_bss_match.ll
312,extr_evergreen_evergreen_gpu_soft_reset.ll
415,extr_evergreen_evergreen_mc_resume.ll
457,extr_evergreen_evergreen_program_aspm.ll
469,extr_expand_expmeta.ll
343,extr_expand_patmatch.ll
538,extr_export_export_node.ll
550,extr_expr_cpp_classify_number.ll
465,extr_exprep_AcpiExPrepFieldValue.ll
628,extr_expr_expr_join_and.ll
394,extr_expr_sqlite3ExprCompare.ll
359,extr_ext2_alloc_ext2_alloccg.ll
419,extr_ext2_extents_ext4_ext_insert_extent.ll
779,extr_ext2_inode_ext2_ind_truncate.ll
578,extr_ext2_vfsops_ext2_mountfs.ll
312,extr_ext2_vnops_ext2_read.ll
493,extr_ext2_vnops_ext2_setattr.ll
283,extr_extensions_final_key_share.ll
346,extr_extents_ext4_ext_punch_hole.ll
395,extr_extents_ext4_fill_fiemap_extents.ll
345,extr_extent-tree_btrfs_remove_block_group.ll
354,extr_exynos5_pad_pad_attach.ll
283,extr_exynos_drm_g2d_g2d_check_reg_offset.ll
325,extr_exynos-iommu_exynos_sysmmu_probe.ll
356,extr_exynos_mixer_vp_video_buffer.ll
404,extr_exynos_tmu_exynos_map_dt_data.ll
601,extr_f71882fg_f71882fg_update_device.ll
303,extr_fatfile__FAT_file_extend_r.ll
536,extr_fatfile__FAT_read_r.ll
366,extr_fault___do_page_fault.ll
351,extr_fbcon_fbcon_redraw_softback.ll
286,extr_fbcon_updatescrollmode.ll
338,extr_fbsd-low_fbsd_wait_for_event.ll
733,extr_fc2580_fc2580_set_params.ll
332,extr_fealnx_init_ring.ll
347,extr_feature_core99_scc_enable.ll
1185,extr_fetch_fetch.ll
269,extr_ffmpeg_fft_fft_init_block.ll
330,extr_ffmpeg_fft_fft_render.ll
414,extr_ffs_bswap_ffs_cg_swap.ll
309,extr_ffs_ffs_write_file.ll
281,extr_ffs_subr_ffs_clusteracct.ll
273,extr_ffs_suspend_ffs_susp_rdwr.ll
272,extr_file_affs_grow_extcache.ll
294,extr_file_cifs_open.ll
373,extr_file_ocfs2_file_aio_write.ll
352,extr_file_storage_do_set_interface.ll
352,extr_filter_bpf_skb_net_grow.ll
590,extr_firedtv-avc_avc_ca_pmt.ll
305,extr_flexcop-pci_flexcop_pci_isr.ll
704,extr_flow_ovs_flow_from_nlattrs.ll
339,extr_fm801_fm801_pci_attach.ll
373,extr_fm_cc_CheckParams.ll
358,extr_fm_ncsw_CheckFmParameters.ll
282,extr_fm_pcd_FmPcdNetEnvGetUnitId.ll
333,extr_fm_port_FM_PORT_GetBmiCounters.ll
286,extr_fm_port_im_FmPortConfigIM.ll
1117,extr_fmpyfadd_dbl_fmpyfadd.ll
292,extr_fold-const_fold_mathfn_compare.ll
284,extr_forcedeth_nv_rx_process_optimized.ll
278,extr_fp_mul_impl.inc___mulXf3__.ll
269,extr_frwr_ops_frwr_map.ll
533,extr_fsclient_xdr_decode_AFSFetchStatus.ll
327,extr_fsl-diu-fb_adjust_aoi_size_position.ll
331,extr_fsl_qe_udc_qe_ep_init.ll
298,extr_fsl_udc_core_setup_received_irq.ll
405,extr_fs_open_databases.ll
287,extr_fs_skels_svn_fs_base__parse_lock_skel.ll
705,extr_ftdi-elan_ftdi_elan_respond_engine.ll
324,extr_ftdi-elan_ftdi_elan_synchronize.ll
396,extr_ftgmac100_ftgmac100_hard_start_xmit.ll
333,extr_ftp_ftp_do_more.ll
787,extr_ftp_recvrequest.ll
429,extr_fts3_write_fts3IncrmergeLoad.ll
526,extr_fts5_index_fts5DecodeFunction.ll
390,extr_fts5_main_fts5UpdateMethod.ll
707,extr_fts5_tokenize_fts5PorterStep2.ll
272,extr_fts5_tokenize_fts5UnicodeCreate.ll
371,extr_fuse_ipc_fuse_body_audit.ll
446,extr_fw_iwl_mvm_up.ll
340,extr_fwohci_fwohci_txd.ll
385,extr_gamecon_gc_nes_process_packet.ll
451,extr_gamecon_gc_psx_process_packet.ll
410,extr_gbefb_gbe_set_timing_info.ll
768,extr_gcc_read_specs.ll
272,extr_gc_obj_free.ll
343,extr_g_concat_g_concat_start.ll
510,extr_gdbtypes_rank_one_type.ll
474,extr_gddr5_nvkm_gddr5_calc.ll
295,extr_g_eli_integrity_g_eli_auth_write_done.ll
337,extr_gemini_gmac_map_tx_bufs.ll
274,extr_genautomata_process_regexp_cycles.ll
626,extr_gen_gen_stmt.ll
1150,extr_gen_gentabs.ll
322,extr_genpkey_genpkey_main.ll
385,extr_genrecog_compute_predicate_codes.ll
361,extr_geom_ccd_ccdbuffer.ll
376,extr_geopoly_geopolyUpdate.ll
282,extr_gfx_v6_0_gfx_v6_0_init_microcode.ll
357,extr_gfx_v9_0_gfx_v9_0_init_cp_compute_microcode.ll
369,extr_ghes_edac_ghes_edac_dmidecode.ll
368,extr_gianfar_ethtool_gfar_ethflow_to_filer_table.ll
313,extr_gianfar_gfar_clean_tx_ring.ll
360,extr_gic_v3_gic_v3_attach.ll
429,extr_g_journal_g_journal_sync.ll
630,extr_gl860-mi2020_mi2020_camera_settings.ll
447,extr_gl860-ov2640_ov2640_camera_settings.ll
267,extr_glob-compat11_globexp2.ll
348,extr_glob_glob3.ll
284,extr_gmatch_gmatch.ll
374,extr_go7007-fw_gen_mpeg1hdr_to_package.ll
431,extr_go7007-fw_modet_to_package.ll
319,extr_go7007-v4l2_go7007_v4l2_init.ll
310,extr_goodix_goodix_configure_dev.ll
289,extr_g_part_ldm_ldm_privhdr_check.ll
303,extr_gpiokeys_gpiokeys_attach_key.ll
331,extr_gpu_fft_gpu_fft_prepare.ll
427,extr_g_raid3_ctl_g_raid3_ctl_insert.ll
534,extr_grdc_main.ll
269,extr_group_send_peers.ll
652,extr_grp_test_test_fields.ll
337,extr_gssd_gssd_acquire_cred_1_svc.ll
445,extr_gssd_gssd_init_sec_context_1_svc.ll
299,extr_gss_import_name__gss_import_export_name.ll
355,extr_gss_krb5_gss_krb5_export_lucid_sec_context.ll
320,extr_gui_gtk_x11_gui_mch_open.ll
342,extr_gui_lib_get_disk_info.ll
282,extr_gve_tx_gve_tx_add_skb.ll
279,extr_gx_GX_SetTevOrder.ll
313,extr_gx_input_gx_input_state.ll
478,extr_halbtc8192e2ant_ex_btc8192e2ant_bt_info_notify.ll
732,extr_halbtc8723b1ant_ex_btc8723b1ant_bt_info_notify.ll
419,extr_halbtc8723b2ant_btc8723b2ant_ps_tdma.ll
316,extr_halbtc8723b2ant_btc8723b2ant_run_coexist_mechanism.ll
413,extr_hash_64k___hash_page_4K.ll
299,extr_hash_bigkey___big_return.ll
312,extr__hashindex_hashindex_read.ll
333,extr_hast_snmp_update_resources.ll
285,extr_hcd-pci_usb_hcd_pci_probe.ll
338,extr_hci_sock_hci_mgmt_cmd.ll
398,extr_hclge_mbx_hclge_mbx_handler.ll
369,extr_hdaa_hdaa_audio_ctl_dest_amp.ll
377,extr_hdaa_hdaa_audio_ctl_source_amp.ll
476,extr_hdaa_hdaa_dump_nodes.ll
308,extr_hdaa_hdaa_dump_pin_sb.ll
414,extr_hda_generic_parse_user_hints.ll
485,extr_hdlcdrv_hdlcdrv_ioctl.ll
548,extr_he_he_open.ll
320,extr_hid-core_hid_connect.ll
286,extr_hid-core_hid_submit_ctrl.ll
321,extr_hif_usb_ath9k_hif_usb_rx_stream.ll
312,extr_hlr_auc_gw_sim_req_auth.ll
366,extr_hn_rndis_hn_rndis_query_rsscaps.ll
371,extr_hns_ae_adapt_hns_ae_update_stats.ll
406,extr_hns_dsaf_mac_hns_mac_get_info.ll
491,extr_hns_dsaf_xgmac_hns_xgmac_update_stats.ll
289,extr_host2str_ldns_pkt2buffer_str_fmt.ll
334,extr_hotcopy_hotcopy_revisions.ll
811,extr_hpread_hpread_build_psymtabs.ll
327,extr_hpsa_hpsa_eh_abort_handler.ll
306,extr_hpt27xx_osm_bsd_hpt_alloc_mem.ll
852,extr_hpt27xx_osm_bsd_hpt_scsi_io.ll
329,extr_hptiop_hptiop_post_req_mvfrey.ll
373,extr_hsmc_smc_set_timing.ll
274,extr_htc_ath10k_htc_send.ll
373,extr_htc_mbox_ath6kl_htc_mbox_conn_service.ll
396,extr_httpd_process_request.ll
499,extr_httpread_httpread_hdr_analyze.ll
309,extr_http-tx-mgr_get_fs_objects.ll
318,extr_http-tx-mgr_get_needed_fs_id_list.ll
360,extr_hub_tegra_display_hub_probe.ll
637,extr_hv_storvsc_drv_freebsd_create_storvsc_request.ll
382,extr_hw_ath9k_hw_init_pll.ll
284,extr_hw_atl_a0_hw_atl_a0_hw_ring_tx_xmit.ll
328,extr_hwdrv_apci16xx_i_APCI16XX_InsnBitsWriteTTLIO.ll
270,extr_hwdrv_apci16xx_i_APCI16XX_InsnConfigInitTTLIO.ll
341,extr_hwif_stmmac_hwif_init.ll
416,extr_hw_nv_load_state_ramdac.ll
576,extr_hw_rtl8821ae_update_hal_rate_mask.ll
411,extr_hw_rtl92ce_update_hal_rate_mask.ll
272,extr_hw__rtl92ee_enable_aspm_back_door.ll
436,extr_hw_rtl92ee_update_hal_rate_mask.ll
604,extr_hw_viafb_load_FIFO_reg.ll
401,extr_hxtool_cms_create_sd.ll
345,extr_i2c-cadence_cdns_i2c_probe.ll
422,extr_i2c-core_i2c_detect.ll
710,extr_i2c-core-smbus_i2c_smbus_xfer_emulated.ll
419,extr_i2c-davinci_davinci_i2c_probe.ll
301,extr_i2c-davinci_i2c_davinci_xfer_msg.ll
346,extr_i2c-isch_sch_access.ll
752,extr_i2c-mt65xx_mtk_i2c_do_transfer.ll
329,extr_i2c-qup_qup_i2c_bam_make_desc.ll
345,extr_i2c-sun6i-p2wi_p2wi_probe.ll
300,extr_i2c-viapro_vt596_access.ll
278,extr_i2o_block_i2o_block_transfer.ll
294,extr_i386_function_arg.ll
304,extr_i386-gen_process_i386_opcodes.ll
288,extr_i386_ix86_expand_move.ll
513,extr_i386_legitimize_pic_address.ll
387,extr_i386_legitimize_tls_address.ll
347,extr_i386_output_387_binary_op.ll
324,extr_i3c-master-cdns_cdns_i3c_master_priv_xfers.ll
303,extr_i40e_ethtool_i40e_set_rss_hash_opt.ll
348,extr_i40e_main_i40e_setup_tc.ll
282,extr_i40e_main_i40e_tx_timeout.ll
320,extr_i40e_nvm_i40e_nvmupd_state_init.ll
295,extr_i40e_virtchnl_pf_i40e_config_iwarp_qvlist.ll
366,extr_i5000_edac_i5000_get_mc_regs.ll
322,extr_i7core_edac_i7core_inject_enable_store.ll
295,extr_i915_gem_gtt_i915_gem_gtt_insert.ll
363,extr_i915_gpu_error_capture_reg_state.ll
646,extr_i915_gpu_error___err_print_to_sgl.ll
981,extr_i915_ums_i915_restore_display_reg.ll
318,extr_ia64-acpi-cpufreq_acpi_cpufreq_cpu_init.ll
462,extr_ia64_ia64_function_arg.ll
293,extr_iavf_txrx_iavf_update_itr.ll
435,extr_ibalance_internal_define_dest_src_infos.ll
335,extr_ib_cm_cm_format_req.ll
422,extr_ibmcam_ibmcam_parse_lines.ll
417,extr_ibportstate_show_port_info.ll
400,extr_ib_srp_srp_parse_options.ll
514,extr_ibxm_channel_trigger.ll
273,extr_iceland_smumgr_iceland_populate_all_graphic_levels.ll
453,extr_ice_main_ice_update_pf_stats.ll
350,extr_idt77252_idt77252_interrupt.ll
326,extr_idt77252_idt77252_tx.ll
273,extr_ieee754dp_ieee754dp_format.ll
319,extr_ieee80211_crypt_ccmp_ieee80211_ccmp_encrypt.ll
287,extr_ieee80211_mesh_mesh_ioctl_set80211.ll
538,extr_ieee80211_rx_update_network.ll
383,extr_ieee802_1x_ieee802_1x_init.ll
284,extr_ieee_ieee_tag_type.ll
838,extr_if_age_age_init_locked.ll
367,extr_if_are_are_attach.ll
547,extr_if_ath_lna_div_ath_select_ant_div_from_quick_scan.ll
394,extr_if_atse_atse_get_eth_address.ll
333,extr_if_axe_axe_ax88178_init.ll
410,extr_if_bce_bce_ioctl.ll
467,extr_if_bge_bge_stats_update_regs.ll
503,extr_if_bwi_bwi_attach.ll
297,extr_if_bwn_phy_lp_bwn_phy_lp_bugfix.ll
264,extr_if_bwn_phy_n_core_bwn_nphy_calc_rx_iq_comp.ll
340,extr_if_bwn_phy_n_core_bwn_nphy_gain_ctl_workarounds_rev3.ll
284,extr_if_bwn_phy_n_core_bwn_nphy_tx_cal_radio_setup_rev7.ll
703,extr_if_bwn_phy_n_core_bwn_phy_initn.ll
293,extr_if_cgem_cgem_detach.ll
288,extr_ifcvt_noce_try_addcc.ll
318,extr_if_cx_cx_identify.ll
308,extr_if_emac_emac_attach.ll
484,extr_if_em_em_initialize_transmit_unit.ll
502,extr_if_et_et_dma_alloc.ll
332,extr_if_et_et_dma_free.ll
518,extr_if_hme_pci_hme_pci_attach.ll
415,extr_if_hn_hn_vf_rss_fixup.ll
324,extr_if_iwi_iwi_notification_intr.ll
325,extr_if_ix_ixgbe_add_media_types.ll
389,extr_if_ix_ixgbe_if_init.ll
307,extr_if_ix_ixgbe_initialize_receive_units.ll
522,extr_if_ixl_ixl_if_attach_pre.ll
377,extr_if_le_ledma_le_dma_attach.ll
388,extr_if_malo_malo_attach.ll
322,extr_if_mn_mn_rx_intr.ll
416,extr_if_msk_msk_attach.ll
322,extr_if_msk_msk_phy_power.ll
379,extr_if_msk_msk_txrx_dma_alloc.ll
389,extr_if_muge_lan78xx_chip_init.ll
906,extr_if_nfe_nfe_attach.ll
454,extr_if_nfe_nfe_init_locked.ll
531,extr_iforce-main_iforce_init_device.ll
312,extr_if_re_re_setwol.ll
347,extr_if_run_run_newstate.ll
385,extr_if_run_run_rt3572_set_chan.ll
418,extr_if_run_run_rt5592_set_chan.ll
336,extr_if_sge_sge_dma_alloc.ll
427,extr_if_stge_stge_rxeof.ll
361,extr_if_ti_ti_encap.ll
290,extr_if_urtw_urtw_8225_read.ll
456,extr_if_urtw_urtw_8225v2b_rf_init.ll
302,extr_if_usb_if_usb_receive_fwload.ll
492,extr_if_usie_usie_attach.ll
445,extr_if_vge_vge_attach.ll
391,extr_if_vte_vte_dma_alloc.ll
360,extr_if_vtnet_vtnet_ioctl.ll
373,extr_ig4_iic_ig4iic_transfer.ll
969,extr_igc_ethtool_igc_get_regs.ll
294,extr_igc_mac_igc_config_fc_after_link_up.ll
371,extr_ihex2fw_process_ihex.ll
336,extr_iir_gdt_next.ll
382,extr_ikev2_common_ikev2_derive_sk_keys.ll
354,extr_imagetag_cmdline_imagetag_cmdline_dump.ll
586,extr_ima_main_process_measurement.ll
418,extr_imx6q-cpufreq_imx6q_set_target.ll
315,extr_imx6_ssi_ssi_attach.ll
374,extr_imx6ul_tsc_imx6ul_tsc_probe.ll
335,extr_imx_gpt_imx_gpt_attach.ll
316,extr_in6_in6_validate_ifra.ll
332,extr_info_ldap_amu_ldap_search.ll
370,extr_info_packet_mod_build_vsc_infopacket.ll
287,extr_init301_SiS_GetCRT2DataLVDS.ll
784,extr_init301_SiS_GetVCLK2Ptr.ll
342,extr_init301_SiS_ModCRT1CRTC.ll
414,extr_init_mt7603_mac_init.ll
274,extr_init_sec_context_init_auth.ll
420,extr_init_sec_context_spnego_initial.ll
345,extr_inode_btrfs_finish_ordered_io.ll
327,extr_inode___ext4_get_inode_loc.ll
319,extr_inode_reiserfs_setattr.ll
299,extr_inode_udf_expand_dir_adinicb.ll
364,extr_input_sctp_rcv.ll
343,extr_intel_dp_intel_dp_compute_config.ll
343,extr_intelfbhw_calc_pll_params.ll
312,extr_intel_fb_intelfb_create.ll
602,extr_intel_hdcp_intel_hdcp_validate_v_prime.ll
582,extr_intel_intel_tlb_lookup.ll
274,extr_intel_overlay_intel_overlay_put_image_ioctl.ll
291,extr_intel_pm_vlv_atomic_update_fifo.ll
911,extr_intel_tv_intel_tv_mode_set.ll
767,extr_ioctl_GetStatus.ll
397,extr_iov_sriov_enable.ll
266,extr_ip175d_ip175d_hw_setup.ll
343,extr_ip6t_hbh_hbh_mt6.ll
356,extr_ip6t_srh_srh_mt6.ll
403,extr_ipath_iba6110_ipath_ht_read_counters.ll
486,extr_ipath_intr_ipath_intr.ll
476,extr_ipath_mad_recv_subn_set_portinfo.ll
601,extr_ipath_ud_ipath_make_ud_req.ll
390,extr_ipath_user_sdma_ipath_user_sdma_queue_pkts.ll
305,extr_iphase_ia_open_abr_vc.ll
366,extr_ipmi_ipmi_startup.ll
547,extr_ipmi_msghandler_handle_one_recv_msg.ll
430,extr_ipmi_si_intf_handle_transaction_done.ll
287,extr_ipmr_ipmr_queue_xmit.ll
473,extr_ip_options___ip_options_echo.ll
307,extr_ip_output___ip_make_skb.ll
436,extr_iprop-log_print_entry.ll
310,extr_ips_ips_hainit.ll
525,extr_ips_ips_host_info.ll
382,extr_ipv6_dccp_v6_err.ll
345,extr_ip_vs_core_ip_vs_schedule.ll
295,extr_ip_vs_sync_ip_vs_proc_sync_conn.ll
332,extr_ipw2100_ipw2100_wx_wireless_stats.ll
477,extr_ir-kbd-i2c_ir_probe.ll
438,extr_ir-rc5-decoder_ir_rc5_decode.ll
465,extr_ir-rc6-decoder_ir_rc6_decode.ll
353,extr_iruserok___ivaliduser.ll
344,extr_isar_isar_int_main.ll
759,extr_isar_isar_pump_statev_fax.ll
476,extr_isci_io_request_isci_io_request_complete.ll
295,extr_isci_isci_detach.ll
299,extr_iscsid_connection_new.ll
280,extr_iscsi_iscsi_pdu_handle_data_in.ll
305,extr_isdnl2_l2_got_iframe.ll
283,extr_isdn_tty_isdn_tty_edit_at.ll
285,extr_isph3a_aewb_h3a_aewb_validate_params.ll
811,extr_isp_pci_isp_pci_mbxdma.ll
546,extr_isp_sbus_isp_sbus_attach.ll
279,extr_iterator_error_response_cache.ll
1105,extr_iterator_processInitRequest.ll
520,extr_ivtv-driver_ivtv_process_options.ll
378,extr_ivtv-streams_ivtv_start_v4l2_encode_stream.ll
315,extr_ivtv-streams_ivtv_vbi_setup.ll
580,extr_ivtv-yuv_ivtv_yuv_handle_horizontal.ll
262,extr_iwch_qp_build_rdma_recv.ll
334,extr_iwl-drv_iwl_parse_v1_v2_firmware.ll
389,extr_ix2505v_ix2505v_set_params.ll
331,extr_ixgbe_82599_ixgbe_setup_mac_link_multispeed_fiber.ll
308,extr_ixgbe_ethtool_ixgbe_diag_test.ll
449,extr_ixgbe_main_ixgbe_atr.ll
297,extr_ixgbe_main_ixgbe_clean_rx_irq.ll
1018,extr_ixgb_ethtool_ixgb_get_regs.ll
293,extr_ixgbevf_main_ixgbevf_tso.ll
377,extr_ixgbe_x540_ixgbe_init_ops_X540.ll
328,extr_ixgbe_x550_ixgbe_reset_hw_X550em.ll
365,extr_ixgb_main_ixgb_probe.ll
736,extr_ixj_ixj_pcmcia_cable_check.ll
438,extr_ixl_pf_main_ixl_add_ifmedia.ll
372,extr_ixp4xx_crypto_aead_perform.ll
548,extr_jfs_dtree_dtExtendPage.ll
663,extr_jfs_imap_diWrite.ll
534,extr_jfs_xtree_xtSplitUp.ll
392,extr_jme_jme_check_link.ll
286,extr_journald-server_parse_proc_cmdline_item.ll
553,extr_journal_journal_read_transaction.ll
444,extr_jv-valprint_java_print_value_fields.ll
354,extr_kcmsock_kcm_write_msgs.ll
617,extr_kern_event_kqueue_scan.ll
376,extr_kern_sig_coredump.ll
343,extr_kern_sig_ptracestop.ll
361,extr_kern_time_kern_ktimer_create.ll
374,extr_kern_umtx_do_lock_pi.ll
436,extr_kfd_topology_kfd_topology_add_device.ll
313,extr_kf_proto.ll
288,extr_kiic_kiic_transfer.ll
405,extr_kilo_editorRefreshScreen.ll
419,extr_knav_qmss_acc_knav_acc_int_handler.ll
284,extr_ks8695net_ks8695_set_settings.ll
325,extr_ksign-parse_ksign_parse_one_packet.ll
384,extr_ksz8995ma_ksz8995ma_attach_phys.ll
406,extr_kvm_proc_kvm_getprocs.ll
520,extr_kwset_kwsprep.ll
287,extr_l2_packet_privsep_l2_packet_init.ll
612,extr_l3ni1_l3ni1_parse_facility.ll
543,extr_l3ni1_l3ni1_setup.ll
406,extr_l4check_runconfig.ll
329,extr_lan743x_main_lan743x_tx_open.ll
445,extr_lan78xx_lan78xx_set_suspend.ll
289,extr_lantiq_gswip_gswip_probe.ll
287,extr_lapic_kvm_lapic_reg_write.ll
492,extr_lboard_rc_parse_lboard_internal.ll
457,extr_lcp_LcpSendConfigReq.ll
390,extr_lemon_ReportOutput.ll
288,extr_lemon_State_insert.ll
333,extr_lib643_once.ll
386,extr_libata-core_ata_build_rw_tf.ll
438,extr_libata-eh_ata_eh_link_autopsy.ll
428,extr_libata-sff_ata_sff_hsm_move.ll
461,extr_libdwarf_attr__dwarf_attr_init.ll
363,extr_libdwarf_frame__dwarf_frame_add_fde.ll
347,extr_libelftc_dem_arm_read_type.ll
488,extr_libelftc_dem_gnu2_read_func_name.ll
286,extr_libiscsi___iscsi_complete_pdu.ll
263,extr_libpmcstat_image_pmcstat_image_add_symbols.ll
315,extr_libps2___ps2_command.ll
597,extr_..libretro-commonformatsjsonjsonsax_full_Decoder_ProcessByte.ll
718,extr_libusb10_desc_libusb_get_config_descriptor.ll
531,extr_libzfs_pool_zpool_vdev_split.ll
308,extr_link_control_hci_create_connection.ll
307,extr_linker_fix_syms.ll
330,extr_linux32_sysvec_linux_sendsig.ll
282,extr_linux_fork_linux_clone_proc.ll
325,extr_linux_machdep_linux_ipc.ll
344,extr_lio_ioctl_lio_ioctl.ll
340,extr_lm87_lm87_update_device.ll
358,extr_lm90_lm90_detect.ll
286,extr_lmedm04_lme2510_i2c_xfer.ll
349,extr_ln_linkit.ll
528,extr_load_svn_repos_parse_dumpstream3.ll
295,extr_log_detect_changed.ll
389,extr_log_fs_mergeinfo_changed.ll
320,extr_login_do_login.ll
301,extr_longhaul_longhaul_get_ranges.ll
356,extr_loop_loop_set_fd.ll
303,extr_lpfc_attr_lpfc_get_hba_info.ll
601,extr_lpfc_ct_lpfc_ns_cmd.ll
281,extr_lpfc_els_lpfc_issue_els_flogi.ll
293,extr_lpfc_init_lpfc_pci_function_reset.ll
280,extr_lpfc_init_lpfc_sli4_pci_mem_setup.ll
399,extr_lpfc_scsi_lpfc_calc_bg_err.ll
297,extr_lpfc_sli_lpfc_sli_intr_handler.ll
587,extr_ls_make_fileinfo.ll
270,extr_lsm_sorted_btreeCursorNext.ll
282,extr_lsm_sorted_segmentPtrAdvance.ll
422,extr_lsm_sorted_sortedNewToplevel.ll
365,extr_ltq_atm_ppe_send.ll
593,extr_m88rs6000t_m88rs6000t_set_pll_freq.ll
736,extr_mac80211_iwl_mvm_cfg_he_sta.ll
497,extr_mac80211_iwl_mvm_mac_sta_state.ll
289,extr_mac_ath10k_peer_assoc_h_vht.ll
446,extr_mac_ath10k_set_key.ll
465,extr_mac_ath9k_hw_set_interrupts.ll
287,extr_macb_main_gem_prog_cmp_regs.ll
467,extr_macb_main_macb_tx_map.ll
858,extr_mac_bsdextended_ugidfw_rulecheck.ll
285,extr_machine_kexec_file_64_setup_new_fdt.ll
343,extr_macio_macio_attach.ll
453,extr_macro_buffer_and_nest.ll
382,extr_macro_get_any_string.ll
589,extr_macro_macro_expand.ll
365,extr_mad_mlx4_ib_send_to_wire.ll
324,extr_maestro_aggch_start_dac.ll
289,extr_main_ath6kl_disconnect_event.ll
274,extr_main_b43_do_request_fw.ll
338,extr_main_b43legacy_interrupt_tasklet.ll
356,extr_main_b43_phy_versioning.ll
291,extr_main_brcms_c_attach_malloc.ll
334,extr_main_carl9170_op_add_interface.ll
351,extr_main_getname.ll
514,extr_main_ieee80211_alloc_hw.ll
429,extr_main_kboot_get_phys_load_segment.ll
298,extr_main_lm_load.ll
580,extr_main_mlx4_slave_cap.ll
365,extr_main_nfp_flower_init.ll
279,extr_main_nfp_flower_spawn_phy_reprs.ll
271,extr_main_sqlite3_table_column_metadata.ll
479,extr_maintidi_process_idi_event.ll
445,extr_main_wl18xx_setup.ll
369,extr_make_Make_OODate.ll
354,extr_..managerscheat_manager_cheat_manager_save.ll
692,extr_manage___setup_irq.ll
332,extr_mandocdb_filescan.ll
297,extr_map_hpfs_map_dnode.ll
514,extr_mapper_crush_do_rule.ll
620,extr_master_validate_master.ll
306,extr_match_nfp_flower_compile_flow_match.ll
520,extr_materialui_materialui_render_menu_entry_playlist_list.ll
275,extr_materialui_materialui_render_nav_bar_bottom.ll
299,extr_matroxfb_crtc2_matroxfb_dh_decode_var.ll
311,extr_matroxfb_crtc2_matroxfb_dh_restore.ll
1619,extr_mb86a16_mb86a16_set_fe.ll
322,extr_mbxfb_mbxfb_set_par.ll
299,extr_mc13892-regulator_mc13892_regulator_probe.ll
376,extr_mca_finish_pt_regs.ll
382,extr_m_can_m_can_chip_config.ll
342,extr_m_can_m_can_tx_handler.ll
624,extr_mcde_dsi_mcde_dsi_setup_video_mode.ll
340,extr_mcp251x_mcp251x_can_probe.ll
455,extr_mcu_mt7615_mcu_set_ht_cap.ll
695,extr_md5_transform.ll
330,extr_md-bitmap_md_bitmap_daemon_work.ll
422,extr_md_ddf_ddf_meta_write.ll
352,extr_MdLoad_endElement.ll
326,extr_mdp4_lcdc_encoder_setup_phy.ll
349,extr_mdp5_plane_mdp5_hwpipe_mode_set.ll
392,extr_melfas_mip4_mip4_query_device.ll
386,extr_memory_do_swap_page.ll
375,extr_menu_animation_menu_animation_line_ticker_smooth.ll
308,extr_menu_driver_menu_subsystem_populate.ll
321,extr_merge__bfd_add_merge_section.ll
428,extr_merge_merge_file_changed.ll
330,extr_merge_sec_merge_hash_lookup.ll
290,extr_mesh_mesh_continue.ll
514,extr_mesh_wpa_supplicant_mesh_init.ll
1362,extr_meson_crtc_meson_crtc_irq.ll
432,extr_meson_vclk_meson_hdmi_pll_set_params.ll
758,extr_message_connect_req.ll
292,extr_message_data_b3_req.ll
304,extr_message_info_req.ll
896,extr_message_li_update_connect.ll
391,extr_message_select_b_req.ll
400,extr_message_send_data.ll
276,extr_Messenger_handle_filecontrol.ll
300,extr_Messenger_new_messenger.ll
467,extr_metaslab_metaslab_alloc_dva.ll
594,extr_mfi_mfi_linux_ioctl_int.ll
361,extr_mfi_tbolt_mfi_tbolt_init_MFI_queue.ll
557,extr_mgag200_cursor_mga_crtc_cursor_set.ll
331,extr_microtek_mts_usb_probe.ll
295,extr_midi_snd_usbmidi_transmit_byte.ll
283,extr_mime_encoder_base64_read.ll
399,extr_ministat_PlotSet.ll
379,extr_mips_compute_frame_size.ll
421,extr_mips_mips_output_move.ll
460,extr_mips-tdep_mips_n32n64_push_dummy_call.ll
611,extr_mips-tdep_mips_o32_push_dummy_call.ll
398,extr_mips-tdump_main.ll
643,extr_mksourceid_SHA1Transform.ll
348,extr_mktplinkfw_inspect_fw.ll
581,extr_mlx4_en_netdev_mlx4_en_start_port.ll
1035,extr_mlx4_ib_qp_build_mlx_header.ll
395,extr_mlx4_ib_qp_mlx4_ib_query_qp.ll
365,extr_mlx4_ib_sysfs_add_port_entries.ll
542,extr_mlx4_main_mlx4_init_hca.ll
283,extr_mlx5_ib_main_mlx5_query_hca_port.ll
297,extr_mlx5_ib_mr_reg_create.ll
347,extr_mlx5_ib_qp_mlx5_set_path.ll
299,extr_mlx5_ib_qp_set_sig_data_segment.ll
300,extr_mlx5_uar_mlx5_alloc_uuars.ll
450,extr_mlx_mlx_attach.ll
284,extr_mmal_connection_mmal_connection_enable.ll
1049,extr_mmc_xpt_mmcprobe_done.ll
803,extr_m_menu_M_Responder.ll
338,extr_mmp_tdma_mmp_tdma_probe.ll
296,extr_mmu_oea64_moea64_add_ofw_mappings.ll
351,extr_mn88473_mn88473_probe.ll
765,extr_mn88473_mn88473_read_status.ll
588,extr_module_64_apply_relocate_add.ll
437,extr_moduli_prime_test.ll
272,extr_moused_r_map.ll
484,extr_mp4_reader_mp4_read_box_stsd.ll
499,extr_mpage___mpage_writepage.ll
278,extr_mpc624_mpc624_ai_rinsn.ll
406,extr_mp_mp_SetEnddisc.ll
305,extr_mps_flash_flash_update.ll
305,extr_mps_mps_request_sync.ll
349,extr_mpt_cam_mpt_fetch_disks.ll
323,extr_mpt_cam_mpt_scsi_reply_frame_handler.ll
543,extr_mrsas_mrsas_complete_cmd.ll
300,extr_mrsas_mrsas_get_ld_list.ll
316,extr_mruby_main.ll
341,extr_msgbox_dialog_msgbox.ll
393,extr_msgparse_find_rrset.ll
353,extr_msi2500_msi2500_convert_stream.ll
270,extr_m_sigver_do_sigver_init.ll
292,extr_mt2060_mt2060_set_params.ll
338,extr_mt76x02_mac_mt76x02_mac_set_tx_protection.ll
287,extr_mt9v022_mt9v022_s_ctrl.ll
513,extr_mtk-cqdma_mtk_cqdma_probe.ll
367,extr_mtk-hsdma_mtk_hsdma_probe.ll
313,extr_mtk_machdep_mips_init.ll
282,extr_mtk_mdp_m2m_mtk_mdp_try_crop.ll
335,extr_mtree_mtree_resolve.ll
303,extr_musb_otg_musbotg_dev_data_tx.ll
296,extr_mv_localbus_fdt_localbus_devmap.ll
439,extr_mvneta_mvneta_mac_config.ll
536,extr_mvpp2_main_mvpp2_gmac_config.ll
799,extr_mvs_mvsaction.ll
414,extr_mvsw61xx_mvsw61xx_update_state.ll
386,extr_mv_xor_mv_xor_channel_add.ll
303,extr_mwl8k_mwl8k_bss_info_changed_sta.ll
290,extr_mwldebug_main.ll
400,extr_mwlhal_mwl_hal_fwload.ll
278,extr_mxc_nand_mxc_nand_command.ll
764,extr_mxl111sf-gpio_mxl111sf_config_pin_mux_modes.ll
690,extr_mxl5xx_cfg_ts_pad_mux.ll
551,extr_myri10ge_myri10ge_get_ethtool_stats.ll
326,extr_mz_strm_wzaes_mz_stream_wzaes_open.ll
308,extr_namei_do_split.ll
443,extr_namei_ntfs_lookup.ll
297,extr_namei_ocfs2_link.ll
544,extr_namei_udf_symlink.ll
270,extr_namei_vfat_vfat_build_slots.ll
354,extr_namei_vfat_xlate_to_uni.ll
269,extr_nandsim_find_operation.ll
293,extr_nandsim_prog_page.ll
280,extr_nconf.gui_show_scroll_win.ll
365,extr_ndiscvt_main.ll
277,extr_nes_cm_mini_cm_connect.ll
623,extr_nes_hw_nes_bld_terminate_hdr.ll
311,extr_nes_mgt_nes_destroy_mgt.ll
411,extr_nested_prepare_vmcs02_rare.ll
460,extr_nes_verbs_nes_init_ofa_device.ll
400,extr_netcp_ethss_init_slave.ll
529,extr_netdev_e1000_clean_rx_irq_ps.ll
309,extr_net_sockets_common_vc_container_net_open.ll
390,extr_netvsc_netvsc_send.ll
298,extr_network_do_connect.ll
337,extr_nf_conntrack_proto_tcp_tcp_new.ll
286,extr_nfnetlink_queue_nfqnl_recv_config.ll
554,extr_nfp6000_pcie_enable_bars.ll
268,extr_nfs4acl_process_one_v4_ace.ll
281,extr_nfs4state_nfs4_state_manager.ll
288,extr_nfs4xdr_nfsd4_encode_readdir.ll
301,extr_nfs_clnfsiod_nfssvc_iod.ll
289,extr_nfs_clnode_ncl_nget.ll
625,extr_nfs_clport_nfscl_nget.ll
338,extr_nfs_clrpcops_nfscl_doflayoutio.ll
467,extr_nfs_clvnops_nfs_access.ll
460,extr_nfs_nfsdport_nfsrv_proxyds.ll
377,extr_nfs_nfsdport_nfsvno_open.ll
316,extr_nf_synproxy_core_ipv4_synproxy_hook.ll
277,extr_ng_h4_ng_h4_rcvmsg.ll
396,extr_ng_l2tp_ng_l2tp_rcvmsg.ll
858,extr_ng_patch_do_patch.ll
486,extr_ng_pipe_ngp_rcvmsg.ll
278,extr_ngx_http_charset_filter_module_ngx_http_charset_body_filter.ll
435,extr_ngx_http_charset_filter_module_ngx_http_charset_map_block.ll
676,extr_ngx_http_charset_filter_module_ngx_http_charset_recode_from_utf8.ll
440,extr_ngx_http_lua_log_log_wrapper.ll
486,extr_ngx_http_lua_util_ngx_http_lua_process_args_option.ll
283,extr_ngx_http_mp4_module_ngx_http_mp4_update_stco_atom.ll
320,extr_ngx_http_parse_ngx_http_parse_unsafe_uri.ll
437,extr_ngx_http_range_filter_module_ngx_http_range_parse.ll
404,extr_ngx_http_request_body_ngx_http_do_read_client_request_body.ll
427,extr_ngx_http_request_body_ngx_http_request_body_chunked_filter.ll
348,extr_ngx_http_slab_stat_module_ngx_http_slab_stat_buf.ll
295,extr_ngx_http_sysguard_module_ngx_http_sysguard_mem.ll
436,extr_ngx_http_tfs_data_server_message_ngx_http_tfs_get_segment_for_write.ll
394,extr_ngx_http_tfs_peer_connection_ngx_http_tfs_select_peer_v1.ll
476,extr_ngx_http_tfs_peer_connection_ngx_http_tfs_select_peer_v2.ll
475,extr_ngx_http_tfs_server_handler_ngx_http_tfs_process_ns.ll
292,extr_ngx_http_upstream_ngx_http_upstream_next.ll
375,extr_ngx_http_upstream_ngx_http_upstream_process_non_buffered_request.ll
272,extr_ngx_http_v2_filter_module_ngx_http_v2_create_headers_frame.ll
495,extr_ngx_mail_proxy_module_ngx_mail_proxy_handler.ll
540,extr_ngx_mail_ssl_module_ngx_mail_ssl_merge_conf.ll
297,extr_ngx_proc_ngx_proc_process.ll
554,extr_ngx_rtmp_hls_module_ngx_rtmp_hls_merge_app_conf.ll
315,extr_ngx_stream_script_ngx_stream_script_compile.ll
368,extr_ngx_stream_upstream_ngx_stream_upstream_server.ll
627,extr_ni_atmio16d_atmio16d_ai_cmd.ll
343,extr_ni_dpm_ni_populate_power_containment_values.ll
513,extr_ni_dpm_ni_populate_smc_initial_state.ll
298,extr_ni_labpc_labpc_interrupt.ll
778,extr_ni_mio_common_ni_ao_cmd.ll
363,extr_ni_mio_common_ni_load_channelgain_list.ll
322,extr_ni_pcidio_nidio_attach.ll
385,extr_ni_tiocmd_ni_tio_cmdtest.ll
389,extr_niu_niu_start_xmit.ll
415,extr_nl80211_nl80211_crypto_settings.ll
418,extr_nl80211_nl80211_join_mesh.ll
299,extr_nl80211_nl80211_msg_put_channel.ll
360,extr_node_tipc_node_check_dest.ll
397,extr_nouveau_chan_nouveau_channel_init.ll
345,extr_nouveau_chan_nouveau_channel_prep.ll
359,extr_nouveau_hw_nv_save_state_ext.ll
391,extr_nsp32_nsp32_msgin_occur.ll
409,extr_nsp32_nsp32_queuecommand.ll
316,extr_nsp32_nsp32_selection_autopara.ll
971,extr_nsp_cs_nspintr.ll
414,extr_ntlm_ntlm_phase_3.ll
362,extr_nTox_main.ll
302,extr_ntpdate_print_server.ll
395,extr_ntp_io_update_interfaces.ll
606,extr_ntp_proto_process_packet.ll
360,extr_n_tty_process_echoes.ll
284,extr_nv20_nv20_graph_init.ll
361,extr_nv50_display_nv50_crtc_set_scale.ll
319,extr_nv50_nv50_clk_read.ll
307,extr_nv50_nv50_priv_tp_trap.ll
1222,extr_nvlist_exists_test_main.ll
324,extr_nvme_xpt_nvme_dev_advinfo.ll
469,extr_nv_nv_dump.ll
269,extr_nv_nv_validate.ll
390,extr_nxt200x_nxt200x_setup_frontend_parameters.ll
532,extr_oaktrail_hdmi_oaktrail_crtc_hdmi_mode_set.ll
297,extr_objcopy_add_redefine_syms_file.ll
422,extr_objdump_main.ll
301,extr_obj-elf_obj_elf_section.ll
737,extr_oce_sysctl_oce_add_stats_sysctls_be3.ll
308,extr_ocrdma_hw_ocrdma_mbx_create_ah_tbl.ll
444,extr_ocs_ddump_ocs_ddump_sli.ll
322,extr_ocs_hw_ocs_hw_io_add_seed_sge.ll
402,extr_ocs_hw_ocs_hw_set_port_protocol_cb1.ll
525,extr_ocs_hw_ocs_hw_setup.ll
306,extr_ocs_hw_queues_hw_new_rq.ll
521,extr_offchannel_ieee80211_mgmt_tx.ll
724,extr_ohci1394_ohci_irq_handler.ll
282,extr_omap2_mcspi_omap2_mcspi_txrx_dma.ll
326,extr_omap_fb_omap_framebuffer_update_scanout.ll
446,extr_omap_voutlib_omap_vout_new_crop.ll
552,extr_omp-low_expand_omp_for_static_chunk.ll
482,extr_omp-low_expand_omp_for_static_nochunk.ll
454,extr_openpic_openpic_common_attach.ll
467,extr_optabs_expand_float.ll
1165,extr_optabs_init_optabs.ll
630,extr_options_tar_options.ll
329,extr_osm_congestion_control_cc_setup_mad_data.ll
350,extr_output_output_create.ll
429,extr_outside_network_outside_network_create.ll
286,extr_ov511_ov518_mode_init_regs.ll
321,extr_ozone_sidebar_ozone_context_reset_horizontal_list.ll
268,extr_p54pci_p54p_stop.ll
350,extr_page_alloc___alloc_pages_slowpath.ll
481,extr_palmas-regulator_palmas_smps_registration.ll
331,extr_palmas-regulator_tps65917_ldo_registration.ll
412,extr_pamtest_main.ll
352,extr_paramgrill_optimizerAdjustInput.ll
329,extr_parse_parse_date.ll
337,extr_parser_cp_parser_template_argument.ll
408,extr_parser_cp_parser_unqualified_id.ll
285,extr_parse_units_parse_something.ll
298,extr_partition-generic_add_partition.ll
912,extr_pass1_checkinode.ll
515,extr_pass1_pass1.ll
371,extr_passthrough_mmal_component_create_passthrough.ll
340,extr_passwdqc_check_is_simple.ll
293,extr_pata_pcmcia_pcmcia_check_one_config.ll
419,extr_patch_resolve_target_path.ll
283,extr_pblk-core_pblk_line_emeta_read.ll
284,extr_pblk-core_pblk_line_init_bb.ll
415,extr_pblk-init_pblk_line_mg_init.ll
369,extr_pblk-recovery_pblk_recov_pad_line.ll
341,extr_pcan_usb_pcan_usb_decode_error.ll
512,extr_pcap-dag_dag_activate.ll
315,extr_pch_dma_pch_dma_probe.ll
374,extr_pci_ahci_ahci_handle_rw.ll
593,extr_pci_ahci_atapi_read_toc.ll
484,extr_pcie_brcmf_pcie_init_ringbuffers.ll
269,extr_pci_passthru_init_msix_table.ll
331,extr_pci_pci_cfg_save.ll
337,extr_pci_rtl_pci_reset_trx_ring.ll
337,extr_pci_sprom_extract_r123.ll
647,extr_pci_user_pci_ioctl.ll
380,extr_pci_user_pci_list_vpd.ll
290,extr_pci_xhci_pci_xhci_cmd_config_ep.ll
299,extr_pci_xhci_pci_xhci_xfer_complete.ll
302,extr_pci-xtalk-bridge_bridge_probe.ll
577,extr_pcl812_pcl812_ai_cmd.ll
371,extr_pcl816_pcl816_ai_cmd.ll
418,extr_pcmcia_resource_alloc_io_space.ll
293,extr_pcmcia_resource_pcmcia_modify_configuration.ll
604,extr_pcmcia_resource_pcmcia_request_configuration.ll
391,extr_pcmcia_resource_pcmcia_request_window.ll
365,extr_pcm_prepare_playback_urb.ll
381,extr_pegasus_notetaker_pegasus_probe.ll
305,extr_pep_pep_sock_accept.ll
286,extr_perf_event_intel_uncore_nhmex_rbox_get_constraint.ll
293,extr_pfctl_altq_cbq_compute_idletime.ll
945,extr_pfctl_main.ll
351,extr_pfctl_parser_ifa_lookup.ll
1564,extr_pfctl_parser_print_rule.ll
420,extr_pf_ioctl_pfsync_state_export.ll
294,extr_pf_pf_tcp_track_sloppy.ll
547,extr_phy_ath5k_hw_set_spur_mitigation_filter.ll
528,extr_phy_b43legacy_calc_loopback_gain.ll
346,extr_phy_carl9170_set_freq_cal_data.ll
391,extr_phy_cmn_wlc_phy_txpower_get_current.ll
421,extr_phy_g_b43_calc_nrssi_offset.ll
330,extr_phy_g_b43_phy_initb6.ll
361,extr_phy_g_b43_phy_initg.ll
318,extr_phylink_phylink_parse_fixedlink.ll
299,extr_phy_mt76x0_phy_set_channel.ll
320,extr_phy_n_b43_nphy_gain_ctl_workarounds_rev1_2.ll
340,extr_phy_n_b43_nphy_gain_ctl_workarounds_rev3.ll
983,extr_phy_n_b43_nphy_rev3_rssi_cal.ll
286,extr_phy_n_b43_nphy_tx_cal_radio_setup_rev7.ll
318,extr_phy_n_b43_radio_2057_chantab_upload.ll
514,extr_phy_n_wlc_phy_restorecal_nphy.ll
524,extr_phy_n_wlc_phy_scale_offset_rssi_nphy.ll
376,extr_phy_n_wlc_phy_txcal_physetup_nphy.ll
414,extr_phy_n_wlc_phy_txcal_radio_cleanup_nphy.ll
459,extr_phy_rtl8723be_phy_iq_calibrate.ll
287,extr_phy__rtl8723e_phy_set_rf_power_state.ll
365,extr_pickmode_sort_modes.ll
323,extr_picohttpparser_phr_decode_chunked.ll
648,extr_pinctrl-at91-pio4_atmel_pinctrl_probe.ll
416,extr_pinctrl-spmi-gpio_pmic_gpio_populate.ll
373,extr_pinctrl-spmi-mpp_pmic_mpp_populate.ll
278,extr_pinctrl-sx150x_sx150x_pinconf_get.ll
787,extr_p_inter_P_TouchSpecialThing.ll
699,extr_pl111_display_pl111_display_enable.ll
347,extr_playback_mmalplay_setup_container_reader.ll
403,extr_..playlist_playlist_push_runtime.ll
379,extr_pluto2_pluto2_probe.ll
474,extr_pm8001_hwi_mpi_hw_event.ll
563,extr_pmap_create_pagetables.ll
529,extr_pmap_pmap_ts_referenced.ll
564,extr_pmap_reclaim_pv_chunk_domain.ll
302,extr_pmap-v6_pmap_bootstrap_prepare.ll
323,extr_pmcpl_calltree_pmcpl_ct_process.ll
339,extr_pm_cw1200_wow_suspend.ll
849,extr_pnfsdsfile_main.ll
281,extr_pnp_pnp_create_devices.ll
266,extr_po2lmo_main.ll
431,extr_port_port_dispatcher_sigh.ll
356,extr_power6-pmu_p6_compute_mmcr.ll
282,extr_power7-pmu_power7_compute_mmcr.ll
330,extr_p_plats_EV_DoPlat.ll
307,extr_pppoe_pppoe_connect.ll
409,extr_ppt_ppt_setup_msix.ll
290,extr_print-atalk_ataddr_string.ll
1245,extr_print-babel_babel_print_v2.ll
282,extr_print-cdp_cdp_print_addr.ll
356,extr_printcmd_address_info.ll
485,extr_print-decnet_print_decnet_ctlmsg.ll
309,extr_print-isoclns_isis_print_extd_ip_reach.ll
1226,extr_print-lspping_lspping_print.ll
756,extr_print-nfs_interp_reply.ll
341,extr_print-rx_rx_print.ll
445,extr_print-vtp_vtp_print.ll
561,extr_priv_handle_pfmf.ll
294,extr_pr_nxtfile.ll
360,extr_probe-event_parse_perf_probe_arg.ll
392,extr_process_kvm_page_fault.ll
456,extr_prom_parse_of_irq_map_raw.ll
278,extr_proto-netbios_handle_nbtstat.ll
358,extr_ps3av_cmd_ps3av_cmd_set_audio_mode.ll
316,extr_psargs_AcpiPsGetNextArg.ll
318,extr_psargs_AcpiPsGetNextField.ll
319,extr_psb_intel_sdvo_psb_intel_sdvo_create_enhance_property_tv.ll
555,extr_ps_descendant_sort.ll
796,extr_psm_psmprobe.ll
1011,extr_psm_synaptics_sysctl_create_tree.ll
320,extr_pt_block_decoder_pt_blk_proceed_event.ll
336,extr_pt_insn_decoder_pt_insn_event.ll
320,extr_pulse8-cec_pulse8_cec_adap_log_addr.ll
531,extr_put_put.ll
394,extr_pv88090-regulator_pv88090_i2c_probe.ll
1026,extr_p-valprint_pascal_val_print.ll
532,extr_pwd_test_test_users.ll
283,extr_pw_group_pw_group_mod.ll
285,extr_pxa25x_udc_pxa25x_udc_irq.ll
404,extr_pxa_serial_pxa_set_termios.ll
305,extr_qca_spi_qca_spi_probe.ll
285,extr_qcom-rpmh-regulator_rpmh_regulator_init_vreg.ll
318,extr_qcom-spmi-adc5_adc5_get_dt_channel_data.ll
600,extr_qcu_ath5k_hw_reset_tx_queue.ll
288,extr_qed_cxt_qed_cxt_free_ilt_range.ll
354,extr_qed_debug_qed_parse_idle_chk_dump_rules.ll
431,extr_qede_main_qede_fill_by_demand_stats.ll
282,extr_qede_main___qede_probe.ll
325,extr_qed_fcoe_qed_sp_fcoe_conn_offload.ll
469,extr_qed_fcoe_qed_sp_fcoe_func_start.ll
348,extr_qed_iscsi_qed_iscsi_offload_conn.ll
503,extr_qed_main_qed_fill_link_capability.ll
416,extr_qed_main_qed_fill_link.ll
407,extr_qed_rdma_qed_rdma_modify_qp.ll
474,extr_qed_vf_qed_vf_pf_acquire.ll
305,extr_qeth_l3_main_qeth_l3_arp_query_cb.ll
627,extr_qeth_l3_main_qeth_l3_hard_start_xmit.ll
359,extr_qib_iba6120_qib_decode_6120_err.ll
397,extr_qib_iba7220_qib_decode_7220_err.ll
460,extr_qib_iba7322_qib_init_iba7322_funcs.ll
286,extr_qib_qp_qib_error_qp.ll
312,extr_qib_qsfp_qib_qsfp_dump.ll
300,extr_qib_rc_qib_rc_send_complete.ll
349,extr_qla_bsg_qla24xx_proc_fcp_prio_cfg_cmd.ll
368,extr_qla_isr_qla24xx_enable_msix.ll
384,extr_qla_nx_qla82xx_pci_mem_write_2M.ll
382,extr_qla_sup_qla2x00_get_flash_version.ll
275,extr_qlcnic_83xx_hw_qlcnic_83xx_create_tx_ctx.ll
297,extr_qlcnic_83xx_init_qlcnic_83xx_dump_pause_control_regs.ll
349,extr_qlcnic_ethtool_qlcnic_set_intr_coalesce.ll
418,extr_qlcnic_io_qlcnic_tx_pkt.ll
290,extr_qlcnic_minidump_qlcnic_dump_ctrl.ll
524,extr_qlge_dbg_ql_get_serdes_regs.ll
329,extr_qlge_main_ql_process_mac_rx_page.ll
360,extr_qlnx_os_qlnx_release.ll
339,extr_qlnx_os_qlnx_tpa_cont.ll
351,extr_qlnxr_verbs_qlnxr_post_recv.ll
445,extr_qls_dump_qls_rd_serdes_regs.ll
587,extr_qm_portal_fqr_QM_CG_Create.ll
483,extr_qp_mlx4_init_qp_table.ll
323,extr_quicc_core_quicc_bfe_attach.ll
285,extr_quotafile_quota_open.ll
270,extr_quota_local_ocfs2_local_read_info.ll
342,extr_r128_state_r128_cce_dispatch_write_pixels.ll
1056,extr_r200_r200_packet0_check.ll
313,extr_r600_blit_set_default_state.ll
845,extr_r600_cp_r600_do_init_cp.ll
340,extr_r600_r600_pcie_gen2_enable.ll
659,extr_r600_r600_pm_get_dynpm_state.ll
278,extr_r8169_main_rtl8169_start_xmit.ll
300,extr_r8180_core_alloc_tx_desc_ring.ll
323,extr_r8185b_init_rtl8185b_adapter_start.ll
495,extr_r8192S_rtl6052_PHY_RF6052SetOFDMTxPower.ll
305,extr_r8192U_core_rtl8192SU_MacConfigBeforeFwDownloadASIC.ll
402,extr_r820t_r820t_sysfreq_sel.ll
419,extr_r88eu_attach_r88eu_attach.ll
358,extr_rack_rack_do_established.ll
454,extr_rack_rack_start_hpts_timer.ll
567,extr_radeon_atombios_radeon_atom_get_clock_info.ll
317,extr_radeon_connectors_radeon_dp_detect.ll
450,extr_radeon_cs_radeon_cs_parser_relocs.ll
423,extr_radeon_display_radeon_afmt_init.ll
614,extr_radeon_display_radeon_compute_pll_legacy.ll
417,extr_radeon_display_radeon_crtc_page_flip_target.ll
281,extr_radeon_pm_radeon_dpm_pick_power_state.ll
557,extr_radeon_pm_radeon_pm_disable_dynamic_mode.ll
552,extr_radio-si470x-usb_si470x_usb_driver_probe.ll
403,extr_radio-tea5777_vidioc_s_hw_freq_seek.ll
415,extr_radius_server_radius_server_init.ll
263,extr_radix-tree_radix_tree_range_tag_if_tagged.ll
316,extr_raid0_raid0_handle_discard.ll
511,extr_raid10_sync_request_write.ll
331,extr_raid1_raid1_reshape.ll
377,extr_raid5_make_request.ll
1420,extr_ramgk104_gk104_ram_calc_gddr5.ll
539,extr_rand-primegen_primegen_fill.ll
765,extr_RaspiStillYUV_create_camera_component.ll
375,extr_RaspiStillYUV_parse_cmdline.ll
325,extr_RaspiTexUtil_raspitexutil_build_shader_program.ll
873,extr_RaspiVid_encoder_buffer_callback.ll
287,extr_RaspiVid_wait_for_next_change.ll
320,extr_raw_raw_send_hdrinc.ll
343,extr_rbtree_ldns_rbtree_delete_fixup.ll
502,extr_rc80211_minstrel_ht_minstrel_ht_update_caps.ll
339,extr_rcar_du_crtc_rcar_du_crtc_update_planes.ll
421,extr_rcar_jpu_jpu_device_run.ll
316,extr_rc_ath_get_rate.ll
354,extr_rclex_cpp_line.ll
280,extr_rdma_nvme_rdma_create_ctrl.ll
302,extr_readdir_cifs_readdir.ll
327,extr_readelf_debug_apply_rela_addends.ll
627,extr_readinode_jffs2_do_read_inode_internal.ll
317,extr_read-service-probes_parse_line.ll
335,extr_read_s_space.ll
504,extr_real_real_from_string.ll
873,extr_recog_constrain_operands.ll
271,extr_record_ffmpeg_ffmpeg_audio_resample.ll
837,extr_reg_EEPROMTxVgaAdjust.ll
511,extr_regexp_expmatch.ll
328,extr_regrename_scan_rtx_reg.ll
356,extr_reload1_delete_address_reloads_1.ll
541,extr_reload1_reload_reg_free_p.ll
309,extr_reload1_set_label_offsets.ll
779,extr_reload_combine_reloads.ll
473,extr_reloc_reloc_nonplt_object.ll
407,extr_remote-mips_mips_receive_packet.ll
373,extr_remote-rdp_exec_swi.ll
352,extr_remote_remote_xfer_partial.ll
428,extr_reorder_swap_relation_files.ll
281,extr_repaper_repaper_fb_dirty.ll
359,extr_repo-mgr_load_repo.ll
327,extr_request_manager_octeon_prepare_soft_command.ll
607,extr_resbin_res_to_bin_dialog.ll
437,extr_resize_setup_new_group_blocks.ll
291,extr_resolved-dns-server_dns_server_possible_feature_level.ll
288,extr_resolved-dns-transaction_dns_transaction_prepare.ll
271,extr_resolver_ldns_resolver_prepare_query_pkt.ll
554,extr_retroarch_recording_init.ll
457,extr_..retroarch_string_list_new_special.ll
457,extr_retroarch_string_list_new_special.ll
312,extr_rev_hunt_svn_repos_node_location_segments.ll
280,extr_revnetgroup_main.ll
582,extr_revoke_hx509_revoke_verify.ll
302,extr_rf_rtl92ce_phy_rf6052_set_cck_txpower.ll
344,extr_rf_rtl92cu_phy_rf6052_set_cck_txpower.ll
279,extr_rk_pinctrl_rk_pinctrl_configure_pin.ll
294,extr_rlphy_rlphy_status.ll
444,extr_rme9652_snd_rme9652_proc_read.ll
289,extr_rndis_filter_rndis_netdev_set_hwcaps.ll
345,extr_roff_roff_getstrn.ll
425,extr_rose_subr_rose_create_facilities.ll
305,extr_route6d_addroute.ll
340,extr_rpc_clntout_printbody.ll
285,extr_rpc.umntall_main.ll
734,extr_rs6000_function_arg.ll
275,extr_rs6000_rs6000_emit_set_long_const.ll
423,extr_rs6000_rs6000_handle_option.ll
462,extr_rsa_i15_keygen_br_rsa_i15_keygen.ll
312,extr_rsa_pmeth_pkey_rsa_ctrl_str.ll
517,extr_rsa_rsa_main.ll
384,extr_rscalc_acpi_rs_get_list_length.ll
340,extr_rt2560_rt2560_attach.ll
282,extr_rt2560_rt2560_tx_raw.ll
369,extr_rt2800lib_rt2800_config_channel_rf7620.ll
1065,extr_rt2800lib_rt2800_config_txpower_rt3593.ll
506,extr_rt2800lib_rt2800_init_rfcsr_6352.ll
420,extr_rt2x00dev_rt2x00lib_txdone.ll
309,extr_rtc-stmp3xxx_stmp3xxx_rtc_probe.ll
454,extr_rtl2832_sdr_rtl2832_sdr_probe.ll
410,extr_rtl8xxxu_8723b_rtl8723bu_rx_iqk_path_a.ll
384,extr_rtl8xxxu_core_rtl8xxxu_gen1_config_channel.ll
280,extr_runlist_ntfs_rl_insert.ll
583,extr_run_split.ll
473,extr_run_transient_service_set_properties.ll
289,extr_rvu_nix_nix_txschq_free.ll
712,extr_rvu_nix_rvu_mbox_handler_nix_lf_alloc.ll
428,extr_rx_ieee80211_accept_frame.ll
514,extr_rx_iwl_pcie_irq_handler.ll
292,extr_rxml_rxml_load_document_string.ll
456,extr_rxon_iwlagn_bss_info_changed.ll
1156,extr_s2io_init_shared_mem.ll
346,extr_s2io_s2io_get_stats.ll
298,extr_saa7115_saa711x_detect_chip.ll
294,extr_saa7115_saa711x_set_lcr.ll
343,extr_saa7134-video_saa7134_s_ctrl_internal.ll
286,extr_saa7164-core_saa7164_finidev.ll
424,extr_saf1761_otg_saf1761_otg_init.ll
464,extr_savagefb_driver_savage_get_default_par.ll
481,extr_savagefb_driver_vgaHWInit.ll
599,extr_sb16_sb_setup.ll
475,extr_sbc_sbc_attach.ll
297,extr_sb_edac_knl_mci_bind_devs.ll
413,extr_sc25519_crypto_sign_ed25519_ref_sc25519_window5.ll
279,extr_scan_iwl_mvm_build_scan_probe.ll
753,extr_scan_mwifiex_config_scan.ll
284,extr_scan_mwifiex_handle_event_ext_scan_report.ll
291,extr_scan_scan_est_throughput.ll
325,extr_scan_wl1271_scan_sched_scan_config.ll
439,extr_scheduler_mmal_component_create_scheduler.ll
859,extr_sched-vis_print_exp.ll
322,extr_sch_gred_gred_enqueue.ll
333,extr_sch_netem_netem_change.ll
503,extr_sch_sfb_sfb_enqueue.ll
329,extr_scif_sas_smp_remote_device_scif_sas_smp_remote_device_decode_initial_discover_response.ll
1198,extr_sconfig_setup_chan.ll
532,extr_scsi_debug_inquiry_evpd_83.ll
359,extr_scsi_debug_resp_report_tgtpgs.ll
282,extr_scsi_error_scsi_check_sense.ll
556,extr_scsi_pass_passdoioctl.ll
520,extr_scsi_transport_iscsi_iscsi_if_recv_msg.ll
886,extr_scsi_xpt_scsi_set_transfer_settings.ll
398,extr_sctp_usrreq_sctp_disconnect.ll
471,extr_sctputil_sctp_iterator_work.ll
416,extr_sdhci-msm_msm_init_cm_dll.ll
306,extr_sdhci_pci_sdhci_pci_attach.ll
481,extr_sdio_brcmf_sdio_dpc.ll
337,extr_sdio_sdio_read_cccr.ll
506,extr_se401_sd_config.ll
275,extr_search_search_init.ll
532,extr_sec_sec_attach.ll
309,extr_select_generateColumnNames.ll
288,extr_selftest_guc_igt_guc_doorbells.ll
312,extr_seq_midi_event_snd_midi_event_encode_byte.ll
464,extr_s_erf_erfc.ll
329,extr_s_erff_erfcf.ll
311,extr_s_erff_erff.ll
361,extr_serial167_cd2401_tx_interrupt.ll
340,extr_server_server_process_request.ll
336,extr_services_mkdb_parseservices.ll
339,extr_sesd_main.ll
297,extr_ses_ses_enclosure_data_process.ll
370,extr_sfe_ipv4_sfe_ipv4_recv.ll
543,extr_sha1_sha_transform.ll
593,extr_sha512_sha512_block_data_order.ll
297,extr_sh.dol_setDolp.ll
371,extr_shell_testcase_glob.ll
606,extr_sh.exp_filetest.ll
372,extr_sh_mobile_ceu_camera_sh_mobile_ceu_set_fmt.ll
394,extr_shuttle_usbat_usbat_hp8200e_rw_block_test.ll
409,extr_si2168_si2168_init.ll
373,extr_si_dpm_si_convert_power_level_to_smc.ll
283,extr_signal_get_signal_to_deliver.ll
266,extr_sig_unimsgcpy_copy_msg_connect.ll
400,extr_siis_siis_ch_intr.ll
325,extr_siis_siis_execute_transaction.ll
357,extr_simplify-rtx_simplify_relational_operation_1.ll
335,extr_simplify-rtx_simplify_replace_rtx.ll
350,extr_sinc_resampler_resampler_sinc_process_sse.ll
377,extr_sirf-dma_sirfsoc_dma_probe.ll
389,extr_si_si_cp_resume.ll
286,extr_si_si_init.ll
414,extr_si_si_startup.ll
366,extr_sisusb_sisusb_set_default_mode.ll
298,extr_slabinfo_slabcache.ll
829,extr_slabinfo_totals.ll
423,extr_sli4_sli_fcp_treceive64_wqe.ll
353,extr_sli4_sli_fc_rqe_rqid_and_index.ll
374,extr_sli4_sli_setup.ll
410,extr_smartpqi_intr_register_msix_intr.ll
431,extr_smbfs_smb_smbfs_findnextLM2.ll
271,extr_smb_rq_smb_t2_reply.ll
422,extr_smsc9420_smsc9420_open.ll
677,extr_smsc95xx_smsc95xx_reset.ll
280,extr_smscoreapi_smscore_onresponse.ll
328,extr_snmp_netgraph_find_hook_next.ll
400,extr_snprintf_append_number.ll
363,extr_soc15_soc15_set_ip_blocks.ll
410,extr_socket_sctp_apply_peer_addr_params.ll
390,extr_socksd_main.ll
486,extr_sods_dump_file.ll
289,extr_softing_main_softing_card_boot.ll
302,extr_solos-pci_fpga_tx.ll
308,extr_sor_tegra_sor_mode_set.ll
308,extr_source_openp.ll
430,extr_sparc64-tdep_sparc64_store_arguments.ll
367,extr_sparc-dis_compare_opcodes.ll
302,extr_sparc_sparc_emit_set_symbolic_const64.ll
360,extr_spa_spa_load_l2cache.ll
410,extr_spa_spa_prop_validate.ll
549,extr_spa_spa_vdev_attach.ll
428,extr_spec_spec.ll
439,extr_spectrum_mlxsw_sp_init.ll
276,extr_sqlite3_balance_quick.ll
397,extr_sqlite3_generateWithRecursiveQuery.ll
665,extr_sqlite3_keywordCode.ll
607,extr_sqlite3_parseModifier.ll
282,extr_sqlite3rbu_rbuObjIterGetIndexCols.ll
665,extr_sqlite3_sqlite3ExprCodeIN.ll
316,extr_sqlite3_sqlite3RefillIndex.ll
271,extr_sqlite3_sqlite3_table_column_metadata.ll
283,extr_sqlite3_trimFunc.ll
1059,extr_sqlite3_wherePathSatisfiesOrderBy.ll
376,extr_sqrt_sqrt.ll
408,extr_sshkey_fingerprint_randomart.ll
273,extr_sshkey_sshkey_read.ll
549,extr_ssl3_record_tls13_tls13_enc.ll
738,extr_ssl_cli_ssl_parse_server_hello.ll
431,extr_ssl_cli_ssl_write_client_hello.ll
849,extr_stabs_parse_stab_string.ll
601,extr_sta_cw1200_set_key.ll
293,extr_sta_iwl_mvm_sta_tx_agg_oper.ll
283,extr_statem_srvr_ossl_statem_server_write_transition.ll
662,extr_stb0899_algo_stb0899_dvbs_algo.ll
368,extr_stb0899_drv_stb0899_search.ll
326,extr_st_lsm6dsx_buffer_st_lsm6dsx_read_fifo.ll
269,extr_stmt_balance_case_nodes.ll
425,extr_str2wire_sldns_str2wire_loc_buf.ll
360,extr_stream_sctp_send_reset_streams.ll
301,extr_string_tr_parse_pattern.ll
340,extr_stripes_stripes_init.ll
283,extr_strtoul_strtoul_l.ll
364,extr_stumbler_get_beacon_info.ll
280,extr_stv06xx_hdcs_hdcs_set_exposure.ll
321,extr_stv090x_stv090x_get_coldlock.ll
381,extr_stv090x_stv090x_srate_srch_fine.ll
311,extr_stv680_stv680_start_stream.ll
580,extr_stv680_stv_init.ll
346,extr_suballoc_ocfs2_block_group_alloc.ll
302,extr_suballoc_ocfs2_search_chain.ll
474,extr_subr_ntoskrnl_KeWaitForMultipleObjects.ll
263,extr_subr_unit_collapse_unr.ll
435,extr_sumversion_md4_transform.ll
408,extr_sun4i_can_sun4i_can_err.ll
333,extr_sunlabel_print_label.ll
537,extr_sunos_sunos_add_dynamic_symbols.ll
326,extr_sunxi-mmc_sunxi_mmc_probe.ll
299,extr_svc_svc_accept.ll
292,extr_svgalib_svga_check_timings.ll
604,extr_svm_nested_svm_vmexit.ll
602,extr_swapfile_scan_swap_map.ll
320,extr_sw_rtl92ee_init_sw_vars.ll
442,extr_symbol_sym_check_print_recursive.ll
605,extr_sym_hipd_sym_init.ll
305,extr_sym_hipd_sym_prepare_nego.ll
518,extr_synaptics_usb_synusb_probe.ll
325,extr_synclink_gt_async_mode.ll
425,extr_syscall_timing_main.ll
293,extr_syscons_init_scp.ll
483,extr_syscons_scrn_update.ll
562,extr_syscopyarea_bitcpy_rev.ll
505,extr_syscopyarea_bitcpy.ll
283,extr_sys_sparc_64_arch_get_unmapped_area.ll
477,extr_sysv_sem_sys_semget.ll
323,extr_sysv_shm_kern_shmat_locked.ll
870,extr_t4_crypto_ccr_gcm.ll
553,extr_t4_crypto_ccr_newsession.ll
523,extr_t4_sge_eth_tx.ll
337,extr_t4_sge_refill_fl.ll
302,extr_t4_tracer_t4_set_tracer.ll
295,extr_taclib_tac_config.ll
358,extr_talitos_common_nonsnoop.ll
317,extr_tape_3590_tape_3590_print_io_sim_msg_f1.ll
339,extr_tape_readtape.ll
324,extr_tape_setup.ll
291,extr_target_core_file_fd_execute_rw_buffered.ll
652,extr_target_core_spc_spc_emulate_evpd_83.ll
412,extr_tar_ustar_rd.ll
290,extr_task_database_cue_cue_find_track.ll
313,extr_task_database_cue_detect_ps1_game_sub.ll
499,extr_task_overlay_task_overlay_load_desc.ll
273,extr_..taskstask_playlist_manager_task_pl_manager_reset_cores_handler.ll
506,extr_task_switch_vmexit_task_switch.ll
405,extr_tau32-ddk_c0gFy1.ll
593,extr_tbl_term_tbl_hrule.ll
341,extr_tc90522_tc90522_master_xfer.ll
340,extr_tc-arm_do_t_ldmstm.ll
596,extr_tc-arm_parse_address_main.ll
300,extr_tc-cr16_warn_if_needed.ll
360,extr_tc-i386_finalize_imm.ll
539,extr_tc-i386_intel_get_token.ll
314,extr_tc-i386_md_begin.ll
295,extr_tc-mips_insn_uses_reg.ll
399,extr_TCP_client_handle_TCP_packet.ll
494,extr_tcp_ipv6_tcp_v6_syn_recv_sock.ll
365,extr_tcp_minisocks_tcp_create_openreq_child.ll
424,extr_tc-ppc_parse_cpu.ll
602,extr_tcp_sack_tcp_sack_doack.ll
1144,extr_tc-score_do_ldst_insn.ll
380,extr_tc-spu_md_assemble.ll
306,extr_tc_tun_mlx5e_tc_tun_create_header_ipv6.ll
1261,extr_tda10071_tda10071_init.ll
449,extr_tda18271c2dd_FixedContentsI2CUpdate.ll
379,extr_tda18271-common_tda18271_dump_regs.ll
420,extr_team_team_port_add.ll
398,extr_tegra124_clk_pll_plle_enable.ll
279,extr_tegra_dc_dc_parse_drm_format.ll
395,extr_tegra_sdhci_tegra_sdhci_attach.ll
391,extr_tegra_xhci_get_fdt_resources.ll
322,extr_telemetry_build_version_body.ll
491,extr_test_10_main.ll
491,extr_test_container_test_parse_cmdline.ll
324,extr_test_m680x_print_insn_detail.ll
356,extr_test_message_eq.ll
375,extr_test_pcache_testpcacheFetch.ll
443,extr_testsoftfloat_main.ll
316,extr_test-strings_main.ll
358,extr_test_tms320c64x_print_insn_detail.ll
360,extr_test_uri_check_accessors.ll
418,extr_test_write_disk_sparse_verify_write_data_block.ll
291,extr_test_write_format_7zip_large_test_large.ll
477,extr_test_write_format_7zip_test_basic2.ll
624,extr_test_write_format_iso9660_zisofs_test_write_format_iso9660_zisofs_2.ll
322,extr_test_write_format_zip_write_contents.ll
515,extr_test_write_read_format_zip_verify_contents.ll
507,extr_test_x509_test_name_extraction.ll
443,extr_tg3_tg3_phy_probe.ll
378,extr_tg3_tg3_rx_prodring_xfer.ll
592,extr_tg3_tg3_rx.ll
351,extr_thermal_core_thermal_zone_device_register.ll
332,extr_therm_pm72_do_cpu_pid.ll
397,extr_ti_hecc_ti_hecc_probe.ll
276,extr_tls_sw_tls_split_open_record.ll
346,extr_tlsv1_client_ocsp_tls_process_ocsp_response.ll
401,extr_tlsv1_client_write_tls_send_client_hello.ll
379,extr_tnc_tnc_delete.ll
369,extr_tool_cfgable_free_config_fields.ll
333,extr_tool_urlglob_glob_next_url.ll
288,extr_tool_urlglob_glob_set.ll
438,extr_toshsd_toshsd_irq.ll
340,extr_tp_meter_batadv_tp_recv_ack.ll
526,extr_tpm_tis_tpm_tis_init.ll
412,extr_trace-event-python_python_generate_script.ll
384,extr_tracepoint_stringify_collection_list.ll
553,extr_traceroute6_packet_ok.ll
280,extr_trail_trail_start.ll
328,extr_transaction_write_container_delta_rep.ll
307,extr_transport_SendReceive2.ll
588,extr_transport_usb_stor_invoke_transport.ll
344,extr_traps_nommu_dump_state.ll
527,extr_tree_cp_tree_equal.ll
428,extr_tree-mudflap_mf_build_check_statement_for.ll
379,extr_tree_open_path.ll
453,extr_tree-vrp_vrp_meet.ll
635,extr_trx_query_rxphystatus.ll
553,extr_trx__rtl88ee_query_rxphystatus.ll
309,extr_ttm_bo_ttm_bo_mem_space.ll
588,extr_ttusbir_ttusbir_probe.ll
393,extr_tunnel_netdev_gre_erspan_fill_message_create.ll
290,extr_tw_cl_io_tw_cl_fw_passthru.ll
452,extr_twl4030-core_add_children.ll
344,extr_tw_osl_cam_tw_osli_execute_scsi.ll
479,extr_t_x509_X509_print_ex.ll
324,extr_tx_efx_enqueue_skb.ll
349,extr_txrx_aggr_process_recv_frm.ll
361,extr_txrx_p54_rx_stats.ll
397,extr_txrx_wil_tx_complete.ll
286,extr_u132-hcd_create_endpoint_and_queue_int.ll
342,extr_u132-hcd_queue_control_on_old_endpoint.ll
654,extr_u132-hcd_u132_run.ll
792,extr_u8_textprep_do_composition.ll
569,extr_u8_textprep_u8_textprep_str.ll
364,extr_uart_cpu_sparc64_uart_cpu_getdev.ll
304,extr_uaudio_uaudio20_mixer_find_inputs_sub.ll
298,extr_uaudio_uaudio_chan_record_callback.ll
344,extr_ucl_hash_ucl_hash_caseless_func.ll
318,extr_ucl_schema_ucl_schema_validate_array.ll
436,extr_ui_input_string.ll
338,extr_uip_tcp_uip_tcpoutput.ll
433,extr_uip_tcp_uip_tcp_slowtmr.ll
352,extr_uma_core_uma_zfree_arg.ll
411,extr_ums_ums_hid_parse.ll
346,extr_unicode.h_utf16_to_utf8.ll
327,extr_unifdef_skipcomment.ll
618,extr_uni_msg_encode_add_party.ll
971,extr_uni_msg_encode_setup.ll
275,extr_uninorth_unin_chip_alloc_resource.ll
459,extr_union_vnops_unionfs_readdir.ll
388,extr_update_editor_svn_wc_add_repos_file4.ll
474,extr_usbdump_main.ll
324,extr_usbdux_usbdux_ai_cmd.ll
300,extr_usb_handle_request_usb_handle_iface_request.ll
305,extr_usbhid_dumpdata.ll
523,extr_usb_hub_uhub_attach.ll
427,extr_usbvision-core_usbvision_parse_lines_422.ll
334,extr_uss820dci_uss820dci_setup_standard_chain.ll
315,extr_util_analyze_hunk.ll
347,extr_util_dlg_print_line.ll
329,extr_utils_DispPkt.ll
290,extr_uvd_v7_0_uvd_v7_0_mc_resume.ll
550,extr_uvd_v7_0_uvd_v7_0_start.ll
292,extr_v4k_eeprom_v4k_modal_print.ll
437,extr_v4l2-ctrls_try_set_ext_ctrls_common.ll
349,extr_v4l2-fwnode_v4l2_fwnode_endpoint_parse_parallel_bus.ll
392,extr_v4l2-tpg-core_tpg_calculate_square_border.ll
700,extr_valarith_value_binop.ll
282,extr_validator_val_operate.ll
336,extr_valprint_val_print_string.ll
294,extr_var-tracking_delete_variable_part.ll
437,extr_vc4_dsi_vc4_dsi_host_transfer.ll
328,extr_vc4_gem_vc4_get_bcl.ll
310,extr_vchiq_test_clnt_callback.ll
315,extr_vchiq_test_do_ping_test.ll
302,extr_vcilcs_ilcs_execute_function_ex.ll
354,extr_vcn_v1_0_vcn_v1_0_start_dpg_mode.ll
357,extr_vcn_v1_0_vcn_v1_0_sw_init.ll
483,extr_vcn_v2_0_vcn_v2_0_start.ll
360,extr_vcn_v2_5_vcn_v2_5_disable_clock_gating.ll
617,extr_vcn_v2_5_vcn_v2_5_sw_init.ll
406,extr_vcpu_getfpreg.ll
570,extr_vdbeaux_vdbeCommit.ll
296,extr_vdec_vdec_output_conf.ll
358,extr_vdev_vdev_dtl_reassess.ll
335,extr_vector_kern_vector_net_open.ll
408,extr_vega20_ppt_vega20_append_powerplay_table.ll
1082,extr_vega20_ppt_vega20_print_clk_levels.ll
353,extr_vegam_smumgr_vegam_populate_avfs_parameters.ll
408,extr_verbs_create_cq.ll
786,extr_verifier_adjust_scalar_min_max_vals.ll
562,extr_verifier_check_alu_op.ll
399,extr_verifier_check_cfg.ll
308,extr_verifier_check_stack_read.ll
433,extr_verifier_check_stack_write.ll
402,extr_verify_miss.ll
297,extr_verify_vwalk.ll
359,extr_versatile_pci_versatile_pci_attach.ll
623,extr_vfontedpr_main.ll
425,extr_vfs_bio_vfs_bio_getpages.ll
290,extr_vfs_vnops_vn_stat.ll
409,extr_vga16fb_vga16fb_set_par.ll
331,extr_vicodec-core_vicodec_start_streaming.ll
295,extr_videobuf2-core___vb2_init_fileio.ll
408,extr_videobuf2-v4l2___fill_v4l2_buffer.ll
304,extr_video_thread_wrapper_video_thread_loop.ll
273,extr_virtio_vq_getchain.ll
328,extr_visemul_pformat.ll
352,extr_v_itxt_v_change.ll
694,extr_vivid-kthread-cap_vivid_fillbuff.ll
317,extr_vivid-vid-cap_vidioc_enum_input.ll
624,extr_vi_vi.ll
340,extr_vlan_vlan_device_event.ll
604,extr_vm_map_vm_map_growstack.ll
467,extr_vm_mmap_kern_mincore.ll
364,extr_vmmnv50_nv50_vmm_valid.ll
365,extr_vmm_nvkm_vmm_ctor.ll
444,extr_vm_pageout_vm_pageout_scan_inactive.ll
308,extr_vm_phys_vm_phys_init.ll
355,extr_vmwgfx_stdu_vmw_stdu_primary_plane_prepare_fb.ll
404,extr_vmxnet3_ethtool_vmxnet3_set_coalesce.ll
308,extr_vmx_vmx_vcpu_reset.ll
342,extr_vpbe_osd_try_layer_config.ll
383,extr_vpif_display_vpif_s_dv_timings.ll
331,extr_v_sentence_v_sentencef.ll
451,extr_vsp1_wpf_wpf_configure_partition.ll
339,extr_vs_refresh_vs_modeline.ll
288,extr_vt_bind_con_driver.ll
369,extr_vtbl_vtbl_check.ll
433,extr_vtshim_sqlite3_create_disposable_module.ll
434,extr_v_txt_txt_insch.ll
283,extr_vulkan_raster_font_vulkan_raster_font_render_msg.ll
387,extr_vulkan_vulkan_read_viewport.ll
297,extr_vxlan_vxlan_xmit_one.ll
313,extr_w100fb_w100_hw_init.ll
483,extr_w83627ehf_w83627ehf_update_device.ll
370,extr_wacom_sys_wacom_parse_hid.ll
367,extr_wacom_sys_wacom_probe.ll
443,extr_wc_db_scan_addition.ll
305,extr_wc_db_svn_wc__db_base_get_info_internal.ll
306,extr_wc_db_update_move_create_tree_conflict.ll
277,extr_wc_db_update_move_tc_editor_update_add_merge_files.ll
344,extr_wherecode_sqlite3WhereExplainOneScan.ll
454,extr_wiiu_font_wiiu_font_render_line.ll
349,extr_wiiu_input_wiiu_input_state.ll
317,extr_window_windowReturnOneRow.ll
287,extr_wire2str_sldns_wire2str_loc_scan.ll
324,extr_wi_stuff_WI_updateDeathmatchStats.ll
478,extr_wi_stuff_WI_updateNetgameStats.ll
341,extr_wi_stuff_WI_updateStats.ll
353,extr_wlan_sys_wlan_config_check.ll
286,extr_wm831x-dcdc_wm831x_buckp_probe.ll
355,extr_wm8350_wm8350_set_bias_level.ll
280,extr_wmi_ath6kl_wmi_beginscan_cmd.ll
351,extr_wmi-tlv_ath10k_wmi_tlv_op_pull_fw_stats.ll
409,extr_wndw_nv50_wndw_atomic_check_acquire.ll
595,extr_worker_worker_init.ll
287,extr_workqueue_run_file_install.ll
445,extr_wpa_common_wpa_write_ciphers.ll
321,extr_wpa_ieee80211_rx_h_michael_mic_verify.ll
328,extr_wps_registrar_wps_set_ie.ll
420,extr_wps_upnp_web_web_connection_parse_subscribe.ll
343,extr_write_main.ll
354,extr_x25_in_x25_state3_machine.ll
291,extr_xattr_ocfs2_defrag_xattr_bucket.ll
304,extr_xenbus_connect.ll
286,extr_xfs_attr_leaf_xfs_attr_leaf_unbalance.ll
421,extr_xfs_da_btree_xfs_da_split.ll
496,extr_xfs_dir2_data_xfs_dir2_data_use_free.ll
384,extr_xfs_vnodeops_xfs_create.ll
491,extr_xgbe-dev_xgbe_dev_read.ll
324,extr_xirlink_cit_cit_find_sof.ll
607,extr_xlnx_vcu_xvcu_set_vcu_pll_info.ll
296,extr_xmlparse_doCdataSection.ll
334,extr_xml_xml_cb_start.ll
651,extr_xpad_xpad_probe.ll
405,extr_ypbind_rpc_received.ll
404,extr_yppasswdd_main_main.ll
646,extr_zc0301_pb0330_pb0330_init.ll
402,extr_zd1201_zd1201_get_scan.ll
621,extr_zdb_zdb_read_block.ll
348,extr_zfcp_fsf_zfcp_fsf_open_unit_handler.ll
276,extr_zfcp_fsf_zfcp_fsf_send_fcp_command_task.ll
340,extr_zfs_acl_zfs_acl_chmod.ll
485,extr_zfsimpl_vdev_init_from_nvlist.ll
309,extr_zfs_main_get_callback.ll
277,extr_zfs_main_parse_allow_args.ll
430,extr_zfs_vfsops_zfs_register_callbacks.ll
467,extr_zfs_vnops_zfs_putpages.ll
972,extr_zinject_main.ll
550,extr_zipfile_zipfileUpdate.ll
316,extr_zpool_main_show_import.ll
445,extr_zpool_vdev_get_replication.ll
285,extr_zstd_compress_sequences_ZSTD_selectEncodingType.ll
531,extr_zstd_ldm_ZSTD_ldm_generateSequences_internal.ll
307,extr_zstd_v02_HUF_decompress4X4_usingDTable.ll
307,extr_zstd_v03_HUF_decompress4X4_usingDTable.ll
355,extr_zstd_v03_ZSTD_decodeSeqHeaders.ll
355,extr_zstd_v04_ZSTD_decodeSeqHeaders.ll
290,extr_zwrapbench_BMK_benchCLevel.ll
307,extr_zx_vou_zx_crtc_init.ll
838567,total
